person,address
1,1559
2,1493
3,795
4,1807
5,1691
6,1517
7,113
8,1497
9,1899
10,1631
11,275
12,811
13,887
14,411
15,1785
16,1355
17,771
18,471
19,255
20,1087
21,1259
22,319
23,1969
24,797
25,451
26,1509
27,463
28,1335
29,53
30,675
31,851
32,1361
33,753
34,669
35,1234
36,403
37,1755
38,1677
39,221
40,603
41,999
42,1641
43,171
44,705
45,572
46,1793
47,239
48,1077
49,875
50,1591
51,682
52,1903
53,472
54,1785
55,1135
56,21
57,743
58,199
59,49
60,979
61,599
62,630
63,1969
64,287
65,1769
66,204
67,414
68,441
69,1107
70,1625
71,795
72,1499
73,1027
74,1620
75,293
76,986
77,165
78,871
79,489
80,521
81,1947
82,343
83,829
84,1365
85,29
86,1093
87,609
88,319
89,39
90,1155
91,1235
92,1223
93,679
94,45
95,1421
96,1637
97,805
98,1667
99,1931
100,89
101,1109
102,605
103,218
104,201
105,71
106,1933
107,347
108,1267
109,855
110,59
111,1887
112,1425
113,1787
114,1743
115,899
116,465
117,1763
118,513
119,1781
120,1539
121,1303
122,1647
123,1957
124,1331
125,1197
126,1096
127,1291
128,577
129,1325
130,1461
131,903
132,1791
133,1439
134,35
135,1685
136,1603
137,1397
138,1891
139,431
140,723
141,161
142,109
143,1114
144,711
145,1663
146,1627
147,233
148,1997
149,1481
150,1362
151,307
152,593
153,207
154,1037
155,159
156,1063
157,699
158,773
159,1467
160,61
161,1679
162,563
163,357
164,325
165,1145
166,1029
167,1207
168,503
169,472
170,1649
171,1177
172,1763
173,1573
174,225
175,1079
176,1621
177,1977
178,245
179,1773
180,1387
181,67
182,349
183,717
184,1275
185,1441
186,281
187,391
188,531
189,389
190,1401
191,673
192,303
193,1727
194,153
195,1525
196,1893
197,1615
198,929
199,1427
200,951
201,937
202,941
203,1761
204,91
205,651
206,1013
207,245
208,1795
209,1951
210,773
211,843
212,801
213,1943
214,1931
215,1593
216,453
217,869
218,465
219,1103
220,933
221,1829
222,181
223,1979
224,938
225,847
226,364
227,1643
228,1115
229,581
230,77
231,335
232,1777
233,977
234,971
235,185
236,259
237,1147
238,295
239,731
240,1287
241,743
242,1601
243,1473
244,1279
245,1375
246,1015
247,495
248,1171
249,1067
250,767
251,1463
252,611
253,979
254,337
255,1059
256,913
257,909
258,491
259,1959
260,1241
261,1661
262,1881
263,513
264,1214
265,573
266,975
267,619
268,1881
269,677
270,1209
271,1047
272,591
273,87
274,1059
275,1577
276,1559
277,1671
278,1745
279,1493
280,221
281,315
282,1193
283,985
284,1871
285,1841
286,709
287,1501
288,1753
289,75
290,1703
291,1995
292,297
293,1469
294,915
295,1765
296,445
297,435
298,1919
299,57
300,1134
301,439
302,1491
303,907
304,189
305,89
306,253
307,1972
308,345
309,769
310,1723
311,575
312,1495
313,777
314,299
315,889
316,1097
317,1725
318,133
319,1457
320,1719
321,451
322,717
323,793
324,1911
325,601
326,1213
327,409
328,1221
329,1816
330,1413
331,1991
332,1105
333,661
334,1199
335,437
336,206
337,567
338,1345
339,1465
340,107
341,1489
342,1892
343,841
344,827
345,1925
346,141
347,1715
348,1135
349,1801
350,1263
351,1171
352,1747
353,1817
354,115
355,1185
356,1796
357,1869
358,302
359,645
360,1233
361,1297
362,506
363,457
364,367
365,229
366,157
367,787
368,1099
369,1511
370,863
371,398
372,129
373,1905
374,359
375,187
376,1701
377,1219
378,1083
379,643
380,193
381,1085
382,1529
383,83
384,699
385,1778
386,169
387,533
388,759
389,1119
390,1993
391,1578
392,163
393,1873
394,1527
395,1679
396,1365
397,413
398,1433
399,1483
400,1079
401,7
402,947
403,1563
404,1427
405,925
406,1211
407,25
408,1577
409,577
410,1319
411,413
412,4
413,1391
414,921
415,1551
416,995
417,265
418,1737
419,961
420,823
421,101
422,1175
423,1961
424,1019
425,1776
426,557
427,1021
428,1721
429,247
430,373
431,1127
432,1011
433,725
434,940
435,475
436,935
437,1055
438,474
439,757
440,655
441,1911
442,1827
443,343
444,1121
445,552
446,1275
447,1880
448,1429
449,1343
450,1333
451,31
452,147
453,695
454,1796
455,43
456,1755
457,1771
458,1130
459,75
460,119
461,426
462,1165
463,1051
464,1623
465,687
466,1957
467,305
468,997
469,1740
470,1963
471,323
472,1369
473,327
474,125
475,249
476,421
477,1159
478,377
479,719
480,789
481,1123
482,267
483,11
484,385
485,1549
486,1055
487,1479
488,917
489,1101
490,615
491,166
492,971
493,143
494,1927
495,397
496,763
497,275
498,1605
499,1739
500,1731
501,405
502,1267
503,472
504,1373
505,831
506,1265
507,95
508,1113
509,91
510,1923
511,1661
512,1189
513,161
514,1307
515,1665
516,845
517,633
518,1977
519,195
520,1557
521,1639
522,379
523,803
524,121
525,962
526,1709
527,1847
528,683
529,1437
530,209
531,1553
532,491
533,1515
534,1245
535,1179
536,415
537,1125
538,1821
539,1516
540,1807
541,1221
542,1845
543,1357
544,1733
545,1415
546,881
547,500
548,23
549,1647
550,1663
551,667
552,994
553,1913
554,1843
555,597
556,855
557,1313
558,657
559,1711
560,647
561,1445
562,1181
563,1742
564,231
565,847
566,1120
567,1279
568,1595
569,1494
570,789
571,527
572,69
573,243
574,1143
575,1423
576,1503
577,387
578,1841
579,1247
580,363
581,931
582,1741
583,489
584,279
585,785
586,261
587,1007
588,41
589,723
590,117
591,1435
592,1541
593,729
594,71
595,1846
596,572
597,369
598,1838
599,737
600,579
601,581
602,923
603,1809
604,383
605,1963
606,1681
607,1471
608,229
609,1597
610,109
611,279
612,773
613,291
614,508
615,351
616,1117
617,1169
618,1103
619,964
620,1819
621,215
622,255
623,257
624,1945
625,67
626,414
627,1153
628,739
629,1031
630,819
631,501
632,989
633,1349
634,177
635,859
636,461
637,1237
638,863
639,1564
640,877
641,1653
642,551
643,27
644,1998
645,639
646,1003
647,1909
648,1469
649,1565
650,1939
651,1073
652,559
653,1061
654,507
655,656
656,183
657,613
658,931
659,837
660,621
661,356
662,184
663,1545
664,97
665,717
666,353
667,1717
668,1341
669,1857
670,779
671,155
672,1343
673,1927
674,1607
675,301
676,525
677,1013
678,1889
679,713
680,1351
681,905
682,515
683,1405
684,62
685,1711
686,1580
687,1141
688,203
689,217
690,1516
691,1683
692,1033
693,943
694,1571
695,1965
696,13
697,1635
698,937
699,782
700,1404
701,1581
702,99
703,484
704,795
705,567
706,304
707,1
708,665
709,825
710,1721
711,37
712,727
713,123
714,459
715,1583
716,523
717,1353
718,98
719,1531
720,1469
721,400
722,1549
723,1467
724,1413
725,51
726,665
727,1875
728,361
729,1261
730,82
731,269
732,1857
733,329
734,1205
735,1391
736,995
737,1333
738,1277
739,1793
740,1239
741,1093
742,478
743,469
744,251
745,1251
746,1416
747,1475
748,151
749,127
750,1459
751,1776
752,565
753,1203
754,34
755,494
756,1673
757,1693
758,1793
759,365
760,1415
761,1237
762,1131
763,903
764,332
765,543
766,1023
767,51
768,1215
769,1395
770,1853
771,105
772,993
773,821
774,1017
775,1153
776,1321
777,1517
778,1897
779,1683
780,853
781,1869
782,1091
783,1655
784,1347
785,1619
786,1507
787,1409
788,43
789,703
790,509
791,797
792,1469
793,623
794,1809
795,625
796,1955
797,1049
798,1983
799,385
800,690
801,393
802,1087
803,607
804,15
805,135
806,1339
807,489
808,875
809,525
810,596
811,1767
812,1485
813,600
814,81
815,39
816,1347
817,1633
818,1757
819,1069
820,1183
821,1377
822,1533
823,1335
824,1698
825,527
826,1892
827,1332
828,945
829,285
830,1477
831,271
832,311
833,1675
834,137
835,1269
836,1009
837,757
838,569
839,1973
840,539
841,323
842,993
843,1311
844,1699
845,969
846,849
847,1775
848,537
849,529
850,1568
851,629
852,1301
853,1283
854,1587
855,1305
856,1059
857,1576
858,1315
859,1367
860,389
861,375
862,1513
863,145
864,733
865,1411
866,927
867,1944
868,9
869,313
870,339
871,1404
872,23
873,545
874,1917
875,1759
876,1877
877,883
878,953
879,983
880,423
881,309
882,683
883,1783
884,1225
885,235
886,119
887,477
888,1221
889,1733
890,1811
891,987
892,1861
893,1331
894,191
895,1707
896,857
897,1385
898,1731
899,1855
900,505
901,1381
902,213
903,493
904,1389
905,809
906,467
907,843
908,1531
909,443
910,1797
911,108
912,93
913,211
914,1443
915,1885
916,799
917,1527
918,1669
919,1025
920,1
921,1211
922,609
923,1035
924,1609
925,331
926,55
927,1545
928,87
929,425
930,1979
931,1729
932,1419
933,854
934,941
935,865
936,1138
937,485
938,561
939,549
940,1486
941,953
942,849
943,854
944,683
945,511
946,721
947,1227
948,755
949,1277
950,571
951,553
952,825
953,1575
954,1607
955,1699
956,1199
957,1139
958,1138
959,1611
960,269
961,499
962,833
963,219
964,1133
965,1697
966,835
967,1031
968,911
969,1564
970,729
971,1201
972,1567
973,1239
974,1883
975,511
976,663
977,787
978,995
979,1859
980,1907
981,1453
982,444
983,860
984,585
985,1751
986,1371
987,1523
988,1971
989,1259
990,1231
991,1824
992,837
993,265
994,981
995,1771
996,395
997,901
998,959
999,1293
1000,700
