account,person
7509-2161-6870-1936,1
2828-6616-7813-1071,2
9533-5077-1313-1988,3
3249-7505-8135-8302,4
9301-5337-2779-3313,6
6282-6835-7665-5225,8
8328-9600-9202-6264,9
2546-5182-4904-8295,11
9017-8484-2308-4421,13
2489-3928-2707-2583,14
8949-3002-2567-8661,18
3525-7630-3533-9474,20
4993-4335-3094-2454,21
6844-6226-9031-7628,24
1913-9669-3622-8194,27
9896-6516-7025-2552,30
6740-6943-1008-5441,31
8585-9822-8207-3697,33
6689-7662-3246-1920,34
3280-5421-7460-6863,35
8999-7365-3651-3357,37
1023-5119-7371-8271,39
9621-3168-1408-4866,40
3168-2702-6728-9785,42
6873-6788-7613-8940,43
4993-2514-7086-6874,44
8477-1586-4638-2182,46
3985-8593-6555-5851,47
9918-6928-7086-2434,48
7192-9280-1206-4193,52
5739-9966-6704-3248,53
4980-9512-4177-5189,54
8418-8581-1146-7880,58
3862-8884-2478-8109,59
6475-4066-4575-9877,61
4720-6428-5734-4842,62
9743-2610-5351-6729,63
3257-3711-9826-8556,64
6148-6310-5689-1674,65
9329-2600-1816-5971,67
2079-3433-9361-6369,69
4404-9780-6946-7345,70
7457-2937-2045-2104,71
6072-2519-9360-3359,75
3029-1146-3750-4393,76
6060-1587-2303-6607,80
7554-2549-5558-9706,81
7746-9395-7334-3072,83
2864-2456-7543-6860,87
5394-2503-4151-2989,88
5096-5474-7155-3433,89
8818-9752-9691-2977,91
5157-6352-1042-8416,92
6759-5358-1905-6087,93
6620-6160-2646-1137,95
6054-4392-9381-9487,96
8225-2447-8236-7162,100
3986-8941-7313-7853,101
3310-2339-6005-7148,102
5471-8689-3055-3672,103
3463-9329-5788-7533,106
2478-9649-2640-5614,108
1465-4278-5244-8016,109
5845-6903-8657-3867,112
5996-9802-5395-8075,114
7258-1727-3605-6117,115
1599-1599-7245-1937,116
8382-4501-9151-1003,117
1030-8998-6991-4966,118
5003-8734-5371-4688,119
4976-4897-5414-4063,122
1458-6051-5599-5730,124
2648-5118-8519-7511,126
5170-6471-1726-7090,128
1771-5127-6404-6326,129
4520-4874-2869-2354,130
8100-6085-3510-6970,131
8809-4140-9235-1854,132
3288-5659-2893-9112,133
3486-9709-1575-3694,134
2084-9130-1827-3437,137
3845-4924-4041-7802,138
6750-8387-4848-8631,139
6903-9385-1330-1192,140
5818-1249-8078-3827,141
7609-5068-6595-1479,143
6820-2481-4082-1357,144
4445-1820-5119-6010,145
6026-5847-5461-4500,146
7430-4957-9936-4656,149
9893-4203-8665-4327,150
4342-4169-9583-7900,151
1848-7366-7140-8059,152
2053-2548-9090-5796,154
2290-1141-4466-3962,156
7210-2018-7514-6299,159
9807-6474-5232-7760,160
7408-3480-7245-4832,161
2700-4730-6755-7578,163
7839-6652-8274-2902,164
1933-2275-7718-6225,165
9803-5384-3009-6595,166
6141-8200-2009-9015,169
6777-4404-7733-1188,170
3910-8418-5266-9875,171
4705-9320-4737-2277,172
6819-3566-5223-5388,173
7406-3374-3749-1650,176
7405-8511-2372-6215,177
7243-2605-6627-3015,178
6528-9820-4330-7784,180
9182-4162-7080-1587,181
4106-8671-4680-5244,183
3044-9807-1311-7798,184
1032-3219-1528-9019,186
1462-1996-4676-2281,188
8162-3909-9675-3113,191
8288-5929-1941-5761,192
7484-4009-4908-5601,194
6292-8377-8186-3905,195
1682-3559-1065-7699,198
8223-4445-5171-5212,200
8126-7753-4997-9195,201
7077-2044-1753-2806,204
3072-3467-7590-8779,206
2611-2023-5416-1453,208
8614-6199-1761-1343,209
7147-6356-6428-6293,212
5332-9757-5167-5315,213
3712-2175-4885-2805,216
8915-3696-3280-2772,218
6508-1153-8939-3273,220
1123-6852-7689-2506,221
7179-7593-9877-3438,223
3118-7627-8546-5423,224
3533-2571-9642-3842,225
7919-1408-2826-8462,229
5366-4153-7394-4973,233
6092-9014-2448-2131,234
3543-7648-6359-9171,237
9944-8201-6012-7227,239
2947-1477-7800-1077,240
3694-2920-3579-7513,242
9108-6099-4015-6439,243
7483-1990-1340-9859,244
8278-1226-8173-6671,245
3872-6677-7515-4575,247
4503-8780-7389-2863,250
7371-6061-6314-1687,251
8519-7911-5774-1701,253
1527-2580-6382-4835,255
9313-1866-7301-9370,256
6193-1569-8069-2844,259
7412-4094-4451-9557,260
1197-5300-6040-9699,261
9586-1295-6008-4271,262
9613-2904-9780-7429,263
1843-8364-3216-1177,264
3817-3237-4836-7242,265
6692-9027-9220-2235,267
3198-1863-2432-8334,269
8660-4900-7098-9193,271
5850-9253-7469-3530,272
6148-1629-6874-4707,273
9879-6465-1703-2176,277
8678-2327-5874-7540,279
8496-5736-2563-5986,282
9289-5273-6133-1758,283
8494-5676-9953-5757,287
5266-4623-1726-8475,288
1200-7726-4331-5076,290
3061-8785-8289-3095,293
3579-4141-2557-5318,294
8859-3320-6669-4664,296
7775-9022-7940-9658,298
7274-6120-9911-6699,301
9677-5829-2573-5524,302
9375-9995-5638-4409,304
3049-5183-3857-1585,305
5662-7427-8493-8663,308
1109-7424-9597-4198,309
3257-1070-7403-4676,311
6762-6777-7215-5766,312
5502-7281-8069-3678,315
3996-3317-5816-2143,318
5712-8190-1660-9758,319
4158-2899-9017-9842,321
7855-9077-9257-6231,322
2813-2569-7201-5240,323
3231-2864-8488-3333,325
2539-1382-5462-7182,327
6031-8819-8921-3177,328
1095-9779-5427-4168,329
6571-2381-3709-4494,330
4394-2936-8081-4824,331
3959-8037-6289-9952,332
6761-6707-4411-2875,334
3188-8108-4628-7632,337
9304-9958-9659-1479,338
4326-2274-3824-9208,342
2660-4509-7196-6635,347
2344-1699-2492-6139,348
8366-6378-9584-3085,349
4396-1674-6572-3470,352
4308-8741-7237-7873,353
4348-3283-2999-7329,354
8032-1540-5231-9305,355
5941-2885-2820-6073,358
8100-4519-2011-3440,359
4992-2874-1192-1710,360
7784-1661-9619-2105,361
1653-6852-2864-9499,363
2985-1218-1790-9223,364
8095-6706-4249-8602,366
6979-9109-9143-4052,368
9241-3245-7274-3077,372
8016-9625-4639-8776,373
7741-3837-6819-4924,374
5159-2266-7730-3533,377
3040-1699-4901-4347,383
7818-9633-5414-2579,384
9901-1894-7261-3694,387
6198-3608-9122-7742,388
7009-1497-8942-7638,390
3685-2676-1610-9297,392
6974-8320-3084-9264,393
6143-4449-3099-7588,394
2331-2360-5747-4752,395
1202-6705-6758-1701,398
5673-5835-3291-6530,399
4494-4233-3611-9592,401
6243-1165-5971-8835,402
4792-3006-8754-4520,403
4456-3933-9623-5601,404
1136-2886-8859-3039,406
9214-3741-8482-3979,407
4377-8846-6754-7998,408
4799-1949-3241-6415,409
3705-6553-7181-4663,410
3317-7303-1121-9722,411
1961-2421-5494-2657,413
5485-6733-4208-8714,414
8587-6690-1521-1854,415
7390-9009-5052-4791,417
6213-4799-6433-6641,422
9653-1204-6680-5381,425
8888-6334-8351-4347,427
6676-3466-8690-2570,429
6661-3771-2056-1019,437
9868-4205-8693-4723,438
1184-6237-9604-5391,440
4055-6155-1034-8108,441
5734-4141-9219-8688,442
4793-1083-7266-2318,444
5124-2103-5640-9912,445
7030-8622-9550-5255,447
6201-7251-9231-7581,450
1754-4633-6325-8588,451
5543-8665-1654-2596,452
5126-6975-6573-5183,454
3908-6264-7127-5004,456
2612-8627-5044-4868,458
7382-2221-5183-2633,459
2990-7332-9395-6247,461
2752-1828-1493-1228,464
1962-5565-1702-6976,465
2208-6843-1448-2198,467
1663-6129-4398-4676,470
2000-2404-2759-8589,471
5550-4271-9814-9680,472
5800-1718-5633-7572,473
1377-3762-3841-5096,475
5007-8075-5024-5220,478
3751-6813-2053-5208,479
9367-7016-5040-6529,480
8974-7725-6950-6681,482
9233-2815-7626-5189,483
5376-4903-4064-5144,490
3463-5849-6866-4602,494
9694-3225-9765-8815,495
8297-8718-4052-4298,497
5701-8347-5939-9672,498
7127-9937-6927-9421,500
4575-7036-6650-7938,505
4193-3497-4936-1752,506
4748-9933-6630-2285,510
3409-9011-2315-3433,511
3877-4446-9438-5658,512
2409-2277-7397-3314,513
2389-1109-1217-9650,517
8071-7672-2270-2915,518
7987-4939-2736-3021,520
5161-4409-8806-5195,521
5518-5904-5985-9365,522
7520-8493-9389-4848,524
1738-5151-7976-1238,530
6123-8711-8275-9146,531
2588-2359-5363-4492,533
8442-8346-9447-8041,534
2223-4135-1608-9922,535
1488-7547-3441-8758,537
8970-1168-4056-9700,539
4873-4792-8364-7993,540
5266-1204-1077-9564,541
6011-7991-3992-2026,543
7337-3043-4085-4026,544
1706-4594-7023-9191,545
8888-4449-7585-9388,548
9863-2305-4323-5632,549
4689-2510-5708-1355,551
8336-8350-3395-9295,553
7263-7913-3714-6029,554
9687-8106-5149-3337,555
9627-6686-7599-9800,557
3967-5549-4579-5590,558
7610-6717-4033-6507,560
2461-2147-1099-3057,565
4677-8222-9193-2284,566
7578-2561-2742-5251,569
8085-9582-1243-4673,572
3804-3721-7120-2113,573
9523-1394-4017-2362,574
5721-6703-7934-8891,579
2047-9045-1143-5724,582
3681-2713-1089-6543,583
3593-8172-8085-7605,584
7684-6930-7569-8830,585
2578-2545-9144-6144,586
1294-6647-8715-6904,587
8494-5356-5715-4415,588
5457-1890-2615-6757,591
1592-9997-8672-4401,592
8237-2118-1331-2897,595
7741-1248-5345-7049,597
7588-3482-9074-9421,600
7253-4522-1894-3879,601
9762-4023-2713-4097,602
3269-4933-5533-1859,605
3767-1206-7158-1125,606
6797-3038-6577-1765,610
4479-3389-4179-7584,611
4314-8097-6317-7681,612
7040-7914-5642-1954,614
9266-9532-4600-5592,615
1864-6856-2781-1040,616
7693-6371-6866-5612,617
6155-3892-8658-9759,618
7584-8397-8661-8366,621
9758-7096-7051-3310,622
9808-8731-2556-7951,625
2024-8259-9371-3888,626
4670-2374-1335-3729,628
7695-6451-5453-5121,630
8456-6112-7925-5489,633
5434-4704-1475-3940,634
9774-7231-4559-6334,637
9939-4502-1885-8524,641
5998-7423-3815-5530,642
1234-7568-9661-2515,643
6810-1987-8777-8569,646
4138-8523-2208-1853,647
6697-9020-3007-4242,649
3848-6729-6136-4117,650
6279-7263-2837-6372,652
3351-4760-4818-6192,653
7833-1982-9148-6434,657
5510-1895-1151-7178,661
7154-9757-3578-7232,663
1877-6313-5970-1165,665
1626-6015-4454-5000,666
6011-2470-5149-7118,667
4230-6356-1566-1625,671
4155-8246-9356-6680,672
6761-8066-4017-4632,677
5757-9018-4786-7360,679
4256-4768-8467-2233,680
2256-4124-8174-3844,682
5687-7905-5824-7450,685
9090-5783-8260-1912,686
4259-3117-3452-9450,689
4845-9101-4296-9746,691
6704-6452-2536-3164,692
9986-4714-7562-8755,694
7054-3448-3995-2504,695
2273-2281-9416-4537,699
4526-3129-8471-8725,700
2939-9506-7671-7052,701
4799-8760-4767-7954,703
1669-7840-9882-6551,707
6208-8216-2075-5017,708
6832-1504-2359-8994,711
4603-3868-2344-4036,714
2100-1900-2157-2245,715
2708-2096-6956-7097,716
8500-1264-4161-3325,718
4427-2227-2700-3968,721
4373-5620-4938-3868,722
3212-7476-8874-5400,724
2553-9566-4078-5208,726
5180-9483-6300-1245,727
5417-2835-6969-7096,728
5333-8047-6446-8537,729
8374-8718-4673-8482,730
7866-5024-9322-6672,732
1592-9433-8997-7838,733
9766-2118-4856-8899,735
7709-2815-5062-7969,737
1905-6063-4749-7367,738
2287-7068-9955-8861,739
7570-3736-9483-3915,740
8302-2285-4051-2017,741
5691-2055-2330-2670,742
4509-1665-9262-6477,743
4975-9803-1162-7196,745
9379-8752-2418-9431,748
1349-7784-3215-3106,751
4208-8785-5104-2444,752
8261-9104-6002-3793,754
1713-1246-1570-6852,757
9597-2176-1335-7596,760
4628-3211-7751-6932,764
1375-5543-2512-4872,766
5853-7762-2338-4573,767
9021-9016-3093-5923,768
2073-2118-7199-1364,769
2285-6212-7686-3511,770
7189-8927-7050-2837,772
3056-5121-7381-3898,774
6503-9366-4164-3716,775
6104-3764-9928-5567,777
1249-7488-9629-2201,778
9697-9014-5492-6451,779
1487-9382-1608-6053,780
4809-4781-3115-8007,781
3153-6576-4483-1859,784
9858-4261-2179-4724,785
2424-7292-9736-5880,787
8837-5076-7627-1273,791
7927-8297-8574-3013,792
5380-2794-8436-6046,795
9430-9838-4603-6381,797
1921-9924-5829-2808,798
5853-2226-4255-4998,799
9984-6320-9675-9644,800
5572-8094-4393-2410,801
8925-4311-4864-6248,802
2404-9773-4144-6343,807
4127-5990-1236-6547,808
8762-2018-7799-8542,809
2952-7437-1121-2899,811
9289-2660-2509-4939,812
3862-1253-7554-9981,813
1066-1416-3076-4060,815
3203-1684-1966-6151,817
2888-2507-3974-5412,818
9952-7119-5933-5651,819
4929-7164-3858-7580,821
2032-2017-1437-7985,823
9327-8188-5507-4242,827
6968-4560-4994-8279,828
5338-9909-6061-7552,829
6267-9724-9618-1561,832
2791-4465-7147-4541,833
1094-4068-9404-8148,835
1864-7468-1860-3771,836
3232-5866-6250-9033,838
6205-5094-4748-1083,839
5463-9678-8316-2982,841
7157-6371-8322-6378,845
2707-7467-5888-1265,846
6175-1843-2993-1316,849
3311-5340-8936-6218,851
3097-8744-4037-3622,852
2451-1718-2640-8957,856
5266-4094-6645-9693,857
3790-3769-6211-4637,860
7247-6345-1743-5847,863
2874-5741-2396-8396,865
4963-8511-3670-3954,868
8588-1802-2855-4558,870
9817-2511-7214-8721,871
5432-1084-9790-2504,872
4049-2171-5404-1615,873
7840-7486-7258-6597,874
6377-7311-7095-1065,875
8636-9146-3182-7437,876
6051-5430-5359-6436,877
3801-2978-8256-1683,879
2711-9204-8940-7734,883
8659-2119-9625-7739,884
2512-9908-8545-5222,887
6252-3055-3829-9044,888
5027-8275-4420-8923,890
9999-8881-8894-1181,891
6576-3434-4376-6192,892
8413-6357-9198-8653,893
7058-8577-4665-6522,895
9991-9943-3339-7726,896
8735-3770-7200-2014,897
2398-3455-6766-9627,899
8390-2547-6546-3560,902
2809-8660-7961-5781,903
7041-8847-9228-2980,904
6268-3203-6767-4099,906
7267-8908-6980-2980,913
1273-6203-6895-9464,915
2914-2897-7850-9697,917
8000-4709-8679-6255,918
6439-5136-7573-6261,919
8268-9221-1341-8656,920
1195-7978-9104-6554,921
2278-1580-3571-1685,922
4946-7309-5724-9467,925
1199-2095-2538-4713,926
6028-8482-6488-3219,927
8646-6344-5166-3997,929
5240-2509-7923-2455,930
6970-8543-8164-8410,936
2163-6163-7057-2636,937
7076-9722-3289-5567,942
3583-8826-4128-3073,945
9241-6706-6081-5893,947
1994-5921-8372-8370,948
9193-1816-5748-8227,952
6660-1657-2488-3815,953
5961-7428-8522-9612,954
5126-3178-5683-7987,955
1364-3102-2273-9908,957
5645-1309-6118-8625,959
2977-5033-1904-9578,960
2995-5513-2423-4746,961
7013-4342-8171-6884,964
6261-9656-6686-2947,965
7704-7629-5601-6308,966
9575-2189-1406-6142,967
8984-5509-5100-9569,968
4806-8430-7568-6608,969
9666-9657-9530-1926,970
1166-5073-6435-4135,971
4076-8261-7888-1023,974
7704-3701-7839-9472,975
5316-9731-9262-9479,980
5544-1664-9111-9796,985
1735-5620-2707-3660,986
2950-3967-6272-3982,987
9264-3794-2535-4094,989
8115-5721-9380-7961,990
5646-3513-6515-5040,991
4292-9520-1255-2817,994
8770-7273-7965-5827,998
2462-3475-8913-2292,999
