company,account
1,7140-4811-5670-9751
2,3489-7648-6359-4601
3,6488-6944-3145-7085
5,7867-3975-9122-1380
8,7227-8941-6655-5826
9,2723-4452-9391-9271
10,2749-1363-7174-2622
11,2343-9109-7454-3721
12,2683-4231-6291-1829
13,1310-1661-9513-5925
15,1036-1406-7706-1358
16,8601-4744-6576-8471
17,6929-6140-1755-4006
19,3168-5899-2173-4853
21,7770-3440-7938-4455
22,4387-8899-1119-9368
24,8920-2559-8337-2518
25,3640-9400-9244-8745
26,6539-4183-3886-1886
27,1030-5265-1863-7912
28,2269-5879-8317-7375
29,2039-2069-5309-4039
30,8795-6445-4417-1301
31,5681-8792-3404-9932
32,5127-7040-9454-3377
33,4113-5882-6577-6801
34,1000-7952-6665-7393
39,5041-6002-6394-9859
40,2862-9371-2127-9842
41,6110-7324-7131-4643
42,9483-4497-4532-8547
44,8256-7792-1652-1058
49,2951-1889-8661-6673
51,1283-3770-8558-2519
52,6402-4491-5233-7816
54,1671-5649-5036-9196
55,1671-5043-3557-4099
57,4378-3438-1200-4814
58,8945-6687-3286-9783
59,1113-5427-8902-7868
61,2004-5702-6194-7717
62,4044-5130-1072-1567
63,9068-8745-6319-4535
64,7588-7255-5570-6116
67,3604-2960-3907-3142
68,4314-4475-2330-5747
69,6374-2533-4318-4302
71,3899-7421-9861-5513
72,1997-1183-6694-8861
75,3586-5966-6753-4215
76,8689-3314-3409-3843
79,9582-4169-4958-9879
80,6738-3038-9524-5581
81,7221-3865-8145-6444
82,7091-7925-5729-1620
83,4676-9696-1925-3026
84,6350-7280-2159-4652
87,7400-5631-3369-8442
90,2071-7569-6341-8290
91,6673-4969-4420-9484
92,4961-1081-3871-9126
93,6962-5154-2012-9641
94,4719-7909-6704-6014
95,2840-5830-1947-6540
96,9294-6367-9308-4711
97,5036-4238-8590-9028
98,8804-6817-7963-5838
99,8665-5686-8087-9242
101,3534-3112-5228-1917
102,7458-1488-1700-5296
104,1057-8214-6391-7655
105,5658-3519-8299-7614
107,3516-7987-5493-3744
108,1178-9048-1790-7987
109,8916-4267-9850-4440
110,6697-8274-1959-8062
111,2468-4926-2671-9380
112,4085-4926-4788-1337
113,3152-9361-5239-2968
114,3011-6917-5247-6906
115,5877-7733-9229-4863
116,5534-8044-9545-6725
117,3900-1964-9683-8444
118,7396-5640-9930-5713
121,7216-9721-3090-8524
122,9984-9352-2383-2482
123,1975-4230-8758-7590
124,6977-5494-2145-4592
127,9904-4370-3038-5128
128,3162-7428-1388-6437
129,5885-8807-8631-1606
132,3494-4011-8955-7674
133,8033-5906-3770-2617
134,1951-3420-4916-8169
135,2212-2233-2161-3574
136,2500-3268-8860-4919
138,2857-8878-4978-4888
139,6272-7779-3585-7072
140,7167-5193-3526-4057
141,6009-6979-2210-9068
142,4635-6719-7108-6418
143,5265-3174-5714-8050
145,8306-5880-8491-8000
147,5727-3437-4721-8490
148,5342-7915-1958-4898
149,4137-7604-4430-3532
150,9684-5022-7970-3940
151,7768-9608-2213-1095
153,7810-9240-5931-9303
156,6864-2356-5619-1758
158,2798-8182-5942-2450
160,8584-4285-2573-9732
161,5809-2597-4780-2046
162,9031-2380-4299-9946
164,8450-7315-3786-2897
165,3324-2723-5975-8076
166,6892-9465-4285-1284
167,6018-9295-4055-8325
168,8384-5418-3717-9318
169,1261-6578-6577-8171
170,9307-3579-8818-6412
171,8040-1255-5165-9474
172,2333-1131-8989-8551
174,9000-9329-7254-6181
177,6576-2812-2398-6536
178,3300-9463-9798-4885
179,2331-8660-2068-2139
180,6839-6136-6270-7664
181,9747-4155-5267-6719
182,4570-8272-3839-2402
184,9459-6921-6109-5976
185,9676-1074-3342-1773
187,9113-9893-5164-6886
188,4087-3680-3345-3785
191,2344-9860-8821-6660
193,4007-9165-6559-9323
194,2948-9059-8469-7633
195,5727-4912-6346-1769
197,2545-3469-3757-8509
199,7968-6585-2886-9618
200,2994-5137-9000-8065
203,7120-1643-3303-6641
206,8264-1864-3025-6498
208,6479-9796-3420-7047
209,7911-2179-9913-9594
210,4672-7871-5525-4998
213,4630-8446-4653-4319
214,7498-7170-7397-5801
215,4995-5324-8042-6427
217,3764-1792-5866-2652
218,7538-4392-7229-4719
219,5550-9746-5503-7299
220,5060-2695-2691-8703
221,9276-9629-1197-7526
222,2100-4793-2242-3611
223,6737-3025-9962-4700
224,1313-5775-2672-7627
225,4055-2863-8297-3313
229,8431-9806-9300-3723
230,4881-3605-2117-6092
232,9105-1540-5297-3048
234,2102-6186-5972-5715
235,6369-1519-3810-7434
236,5392-9349-8174-6241
237,7480-5128-7806-3035
238,8934-8044-5340-3247
240,7919-7542-9594-4738
241,3800-8251-3186-3910
243,2214-8721-1256-2053
245,1085-3842-4262-5850
247,7702-9419-4438-7560
248,2418-8787-7187-7883
249,1575-9961-2326-8409
251,4397-9494-8271-1070
254,8086-5904-1474-6523
256,2846-8532-1016-7658
257,9983-3391-2264-6401
258,3726-7379-2976-5908
259,9231-1515-3213-2474
260,3994-9388-8285-9527
261,9711-3331-2010-5712
262,8504-4392-2384-6068
263,6877-7441-9342-8209
264,9357-6323-4302-8422
267,6943-3900-1009-6482
270,6494-5663-9260-4365
271,4872-8425-9172-3669
273,8663-3149-5393-3406
274,5409-5672-1946-4179
275,3522-6723-8695-3236
277,8712-8892-3803-7774
278,4604-4297-3748-2794
279,3502-1187-1479-2250
282,7228-3813-8714-9975
283,5413-6195-3275-8719
284,3345-1743-7731-1178
285,6178-6598-5737-6598
286,1405-8310-4903-4815
287,8402-2021-8576-5167
289,2025-9585-2368-7670
291,5830-4918-8378-5445
293,1731-9946-4499-6498
294,3315-2145-1578-5503
295,4937-5504-2335-6864
296,4796-9437-4036-9090
297,6595-6179-5858-4069
298,9406-7137-8265-7225
299,4485-4408-7608-4731
301,6112-1653-9748-4712
302,2737-3275-7778-9673
303,6184-7562-9592-3375
304,8054-3717-9199-5787
306,1152-2863-1629-3170
307,4848-5368-3272-3822
310,4880-4362-4608-4979
312,1796-7227-9635-3918
313,3941-6490-9212-8767
314,2377-4585-8980-8465
316,7110-4582-1438-9270
319,6102-4404-2993-1624
320,8201-8285-4081-3604
324,7574-9241-7213-1356
325,1634-3146-7480-9698
326,4642-5822-2220-2780
327,2263-6304-7222-6996
329,1710-3782-8601-5778
330,1075-2409-5853-8663
332,8232-1699-4495-2735
333,5585-1539-9356-6967
335,8935-8102-5270-7498
336,3138-2711-9965-9406
337,1042-6472-9743-5277
338,4971-7163-3884-3783
339,8061-9200-6344-9757
340,3538-2996-4389-5056
341,4444-7658-4292-3168
343,8851-8795-4678-2326
345,4632-7106-4937-7962
346,8459-6336-4427-8091
347,8382-2618-8277-8720
349,1558-2244-3183-8035
351,9237-4421-5237-2032
352,9989-6870-5281-9773
353,8590-7956-5660-6955
354,2007-7577-5180-1127
356,2885-8663-9339-2852
357,2269-3386-3257-5646
358,5116-6969-1760-4596
359,2193-3722-2556-2986
360,6962-4743-4773-3237
364,4691-6648-9592-1961
366,7122-6608-7712-1243
367,9234-1733-3780-4459
368,4447-4412-6189-9409
371,5434-1906-9044-5127
372,2611-2081-8301-4631
373,7669-6862-2794-1526
374,4491-9432-5397-5725
375,1391-1215-8230-2185
376,2225-8598-2142-2309
377,9074-5402-2600-5655
378,2751-8326-2748-1222
380,6493-1412-7398-3749
385,1235-2186-8683-4492
387,9745-4014-1191-9841
388,3375-6398-1043-5511
389,6038-1115-5192-4296
390,4674-5403-7026-6324
392,8245-8711-8685-3486
393,6818-2356-2907-4750
399,7630-7081-9953-2587
400,6225-6588-6744-4212
401,8108-4288-9325-8321
403,7247-8293-4632-9229
404,9406-8625-1569-2892
406,7544-6277-8481-2970
408,1210-3321-3878-4306
409,3800-2899-9112-9993
410,8753-6849-1389-6402
411,1111-5223-2196-4110
413,3130-8288-1701-7043
414,5198-9222-5686-3069
415,3029-9488-1492-1101
416,9291-4202-3756-2815
418,9686-6701-6701-8741
419,7376-2626-2921-2548
422,8461-1562-9585-6932
423,6305-4973-2717-2841
424,5586-4827-2654-3529
426,2599-3598-3672-6935
427,5485-4681-8842-4153
428,6040-8877-3894-1500
432,7108-6818-7088-6882
433,5919-4928-8356-3536
434,9202-7561-5267-4536
435,6475-4909-6188-4654
436,1474-9097-7523-1605
439,4849-4935-8748-5932
440,4333-1915-6046-5917
441,6457-1220-2908-7341
442,8164-6178-1794-7167
443,8457-8960-2036-4370
445,8915-5995-1135-2402
446,6015-5439-8207-5447
448,8731-8976-2252-7878
449,9148-4671-1537-6156
450,2857-2767-2715-1206
452,3544-5783-4670-5363
453,2507-2248-5169-7592
455,6161-7004-9495-3655
456,5948-2585-3171-7357
457,5315-8972-1688-7673
458,8501-2357-3672-6208
462,9675-6480-3998-7478
463,3680-3699-1137-9671
464,1922-1305-7296-2787
466,8202-2678-9485-8810
467,2422-6996-4313-7634
469,5011-2377-3985-5387
470,9823-8645-4828-2481
473,8309-7263-4346-8198
474,3361-6773-3274-9563
475,4680-9212-8179-6498
476,9349-3738-5254-8316
480,2568-2720-5366-8742
481,9522-7884-2415-1324
482,8779-9575-7033-7727
483,7783-5516-3632-7366
487,2964-8907-1422-7179
489,1304-8966-8330-9214
490,4655-5062-8036-7821
491,4034-4961-6965-1665
497,7772-3180-4897-3340
499,3226-5249-5144-1367
501,3978-9883-2702-5295
503,3027-3406-8697-4325
504,7833-3607-6654-5294
505,8311-3740-2783-1637
508,3718-4510-3218-6140
509,2406-9344-7238-3498
511,2037-1540-5616-7992
512,2783-1548-9539-8343
513,7826-7848-4037-5230
514,1217-7032-1947-6071
517,7636-3757-3618-8929
518,3543-9268-6083-1899
519,2394-2702-4276-5942
520,1413-8292-4509-2965
522,1665-7686-6797-5339
524,4177-5396-2122-3358
525,4623-7900-9693-9662
526,3536-7713-8820-3613
527,8311-9265-9952-6179
528,6642-1169-2286-8599
530,7292-8364-3992-4942
531,2479-9821-6489-8111
532,1679-2156-7558-6100
534,8596-8298-4840-8309
535,7333-3292-1587-3747
536,6467-5962-3851-4332
537,9818-6766-9435-6463
538,2824-1739-6983-8292
539,7595-5793-7594-4378
540,6820-7444-3984-4547
544,5436-1102-7743-5341
545,2403-8911-3065-2293
546,5035-2223-5344-4253
547,2378-7838-6590-5775
548,2825-3444-3208-1527
550,7648-9974-4483-3018
551,2729-8930-1236-1157
553,2896-3392-3438-5455
555,5010-9825-5187-9495
556,6093-1926-5648-6920
557,6512-8901-6740-5130
558,1785-2263-9843-6967
559,1820-7615-3646-4813
560,1181-9184-5393-5843
561,6195-4438-5950-5929
566,7358-5663-1260-5203
567,3504-6804-5966-8415
568,9927-7552-5382-1325
569,9788-9787-4071-5802
570,1836-2168-7185-7169
571,9792-8250-5633-7465
574,7015-3859-9654-6037
576,9517-5644-5493-1209
578,1798-9545-4237-6432
579,5517-5979-6775-8239
581,1496-9649-1046-1181
582,3152-4778-7248-4488
584,6380-7376-4826-1501
586,3010-9653-4704-7737
587,2448-7293-7145-2790
589,4381-1963-4458-3654
590,3754-9188-4461-7640
591,6353-2118-1534-7171
592,8272-9566-5427-8722
593,7009-4583-4140-1223
594,6528-7067-7008-1135
595,1074-7985-4747-1073
596,1414-2132-9889-4866
597,7638-2184-9546-9429
598,1119-7443-9577-7492
599,2886-3476-9915-7126
601,3676-7631-9972-3533
606,5880-7577-5143-3240
610,5366-5010-5226-8398
611,2116-6361-4696-7927
612,5695-1561-6332-4638
614,4670-5482-4190-2335
615,2955-5700-6361-5471
618,9085-5461-7829-8907
619,4809-4693-3894-3575
620,4460-4440-1117-4367
621,1519-7995-6176-3207
622,5612-3715-1530-1060
623,6028-5262-1581-5880
625,1013-1101-9566-7210
626,5098-6584-6700-3453
627,6069-8339-1275-7440
628,6316-3096-4721-6130
629,2442-3135-1625-4971
630,7665-8945-6552-4268
632,3606-8187-7380-5582
634,2916-9135-4332-3618
635,5586-1915-3583-6666
637,9714-7811-8633-8148
640,9204-9903-4369-9661
641,9445-3644-3324-9646
642,2591-7994-1170-3114
643,8274-7684-8406-8488
644,1880-8481-3465-2423
646,8548-5257-5952-9347
647,7264-2551-1641-6600
648,8575-8949-5231-4542
649,4347-9727-4879-8640
650,6023-5996-8854-6695
651,3073-2031-9944-9687
652,6903-6223-3698-3863
653,2553-4713-2832-4609
655,7565-1755-9491-2201
656,5398-9356-6013-3803
657,3756-1671-4423-2393
658,3464-9041-9685-4130
659,4275-4812-5985-9275
661,5637-8999-2591-4865
662,7862-2871-9758-8051
663,7271-2726-2827-6998
664,8570-5830-9656-1197
665,1852-5951-3815-8419
666,6670-1551-2305-2625
667,1080-6261-6522-6896
668,2308-3707-9182-6466
669,2887-4904-3399-1732
670,9653-3864-2533-8581
671,1087-8904-6825-4431
673,8191-8339-7890-1339
675,8133-3052-4732-5262
676,3320-4363-5012-5265
677,2838-5671-7351-8356
678,9016-9903-1093-8781
679,3390-5208-8546-9574
680,6883-3499-5501-5464
681,6267-5200-8324-2440
682,6737-5638-4788-6106
683,5138-6958-5353-2956
684,7027-6792-5663-7355
686,6904-8513-1396-8079
687,6871-8804-7045-2960
688,6624-4629-8586-5124
689,3665-6598-2800-1823
691,4459-7929-7644-3639
692,2626-4302-3478-4520
693,7611-9952-7102-7822
694,8144-6452-9776-7693
695,8940-7307-2369-9413
696,6033-7745-4271-7001
697,8802-7747-8527-6766
698,6434-7037-4278-4187
699,9502-5884-7010-2843
700,2155-1904-5713-5729
703,7943-4574-6222-9564
704,9005-1446-8677-9928
706,6181-6777-2337-5442
707,8657-7005-5571-4871
709,6643-6622-8970-6914
711,4730-8226-7545-3448
712,2245-2776-1411-9680
713,4570-1940-5831-9583
716,1505-2389-6431-7725
718,8852-5663-3065-5848
720,1167-9580-8172-9922
723,1871-5893-7784-5210
727,7063-8072-2492-7201
728,7258-5668-8152-5619
731,8245-5016-8736-3180
733,6579-9093-8897-6324
734,6168-4571-6016-6817
735,1774-2885-6656-6196
736,3619-4718-5526-4113
739,6975-3434-9760-9404
740,4983-3623-8825-6264
741,6005-5477-8177-2944
742,7406-6983-6543-2472
743,7535-2129-5471-6139
744,5295-3577-3400-6065
746,8290-5191-6704-3068
747,7575-6780-5120-8994
749,4914-1369-4852-1321
750,6950-5362-1455-3764
751,2611-2279-9171-6086
752,5376-5635-8898-8254
755,4688-8709-5812-9568
756,9480-6184-9688-9325
759,8661-8658-9719-9083
763,5516-2697-3911-4263
765,4188-9077-1169-1882
766,2287-9156-1802-4290
768,4559-9175-9954-7273
769,5775-9012-2131-1977
770,9629-3402-3312-5255
771,7250-8976-7708-5005
772,6137-6369-6621-7629
775,2813-5791-2397-6891
778,2185-4064-2494-2501
781,9828-4945-5747-9013
782,5816-8021-9672-8995
783,8463-7327-5047-5600
786,4014-2112-1155-8257
787,6487-2277-7770-1514
788,6333-2937-3340-7077
789,6138-5797-4911-4412
793,6491-3960-8528-5522
794,1333-7066-8641-5667
795,3107-5935-2687-1966
797,9286-3155-5067-9054
799,8568-9860-7370-6345
800,9148-4771-7006-9126
801,2033-4806-2133-1513
803,7576-5197-3585-5873
805,1079-8769-1503-8900
807,2845-4897-3452-5548
808,2082-6223-5973-1311
810,7218-9087-9951-4515
811,6969-4363-8273-3160
813,1887-2609-4531-8848
815,5866-6602-2549-5150
817,7572-9147-2054-5674
818,7919-5284-8612-2259
819,1636-8268-1405-6524
821,4114-9487-8043-4346
822,3798-1731-4675-7978
824,4626-6215-7456-5051
826,9041-7814-2787-3329
827,4546-5270-6583-8562
829,2756-4130-4478-5941
830,7525-1947-8445-5438
836,8619-8286-8753-9618
837,7745-9176-5730-1126
840,1383-3039-2728-2675
841,6648-9254-1633-6936
842,2647-6230-9393-4135
843,3507-4442-6938-4111
845,8746-1805-7207-8217
846,9304-3783-6011-1625
848,1612-4068-6506-8400
850,3787-4755-4438-5064
854,4225-1642-7057-7206
855,5951-7763-3515-3223
856,9064-2759-1901-6873
858,2259-2586-9920-7884
859,1576-8465-8909-7614
860,3848-9786-4991-7323
862,8075-3537-3196-1808
864,8944-8608-8930-3970
865,7966-5856-7868-1406
866,1883-3957-7569-3585
867,6819-9143-3582-9525
868,6554-6553-8555-2054
870,8779-7520-2159-5012
872,7442-1405-6633-5464
873,6684-6012-2353-8352
875,5447-1338-9485-7777
877,7430-3814-5865-3217
878,9688-1411-5037-5173
879,5634-3596-9782-8448
880,8065-9252-9399-6889
881,6399-5413-5220-2697
883,5153-4697-1678-6473
884,4911-1539-5486-7130
885,9927-2985-6060-9432
888,5419-4971-7418-3232
894,2413-8321-8489-5350
898,7462-2043-7472-5858
899,6832-3115-9369-6856
901,4969-7782-9260-9480
905,4987-5052-1703-3716
906,5678-9091-5910-4379
907,3700-5509-8811-1705
908,3428-4335-4132-2080
909,1880-5514-1153-5662
911,9438-6381-5981-9318
912,7627-4626-8608-3769
913,9983-5009-2862-5914
914,2359-8955-2419-6854
918,5215-2148-4832-1646
920,8237-5748-7975-7008
921,2904-4174-4080-5184
922,5063-9569-1651-1732
925,3244-1643-4557-7694
927,2756-3989-2343-1245
928,2760-7675-8144-5603
929,4355-8709-5293-6327
930,4053-9988-3423-9713
931,4018-9838-4752-8525
933,3971-5723-5963-8192
935,3222-3853-1248-6911
936,1993-3748-6927-4124
937,4284-3363-8958-1133
938,8314-3416-7476-5620
939,5401-9946-6743-4980
940,3791-5590-4520-2315
942,1035-8312-1462-9062
943,1946-1286-5604-8097
944,6705-8942-2684-1758
946,5870-2716-4600-2114
947,7895-1007-2934-2600
948,2392-6626-4869-4958
949,3429-1405-4942-6328
951,5933-5294-5100-2451
952,1053-7653-5842-4806
953,2104-5239-6345-6733
954,5703-3530-8001-4813
956,2769-6713-7879-3858
957,1259-2971-3826-2443
958,8544-5881-5984-4503
960,9941-6653-1749-7497
962,8124-9614-5672-6597
963,4374-6936-9799-5934
964,4883-9170-2490-6752
965,2564-4539-2673-6007
966,5156-5928-3235-1246
967,6760-1858-9702-9633
968,3296-1634-3302-4606
969,4762-6964-9043-2380
970,4850-2816-2609-7412
971,4403-2116-2568-6833
973,6245-2037-6568-1065
975,4584-3884-7062-1057
977,7281-7718-5521-6892
978,6494-3701-4138-4767
983,3351-8645-2166-4620
986,9241-5471-6597-1787
987,5855-3356-5873-1631
988,9692-2762-2232-2860
989,2875-4116-6398-9661
990,5542-7812-4415-2616
992,4922-4443-2521-1312
994,9511-6215-5969-1982
998,4243-7617-1792-2854
999,3741-6893-4272-9654
