number,total
2343-9109-7454-3721,-63
4378-3438-1200-4814,9150
6709-7500-2458-1834,15917
4705-7733-1780-5540,10295
2369-1852-4662-3008,38088
8306-5880-8491-8000,32223
3168-5899-2173-4853,7246
8426-1100-2721-9741,36348
6479-9796-3420-7047,19947
5588-4904-8774-4112,41819
2887-4904-3399-1732,23845
7003-5901-6780-1853,38719
1996-7455-6714-3750,6142
1569-4776-9360-8477,5
5637-8999-2591-4865,4952
8812-9801-1825-5598,1606
8290-5191-6704-3068,3290
1558-2244-3183-8035,38801
7525-1947-8445-5438,21466
6570-6673-2197-9004,24362
7498-7170-7397-5801,32444
7900-2298-4176-7578,36193
2225-8598-2142-2309,2545
1244-8305-7346-2938,32748
4485-4408-7608-4731,12457
5293-3118-3397-5114,15876
9085-5461-7829-8907,14818
9195-2984-1782-2094,-4837
5447-7007-6734-6223,32647
3029-9488-1492-1101,35852
7836-6264-1109-3378,21565
4644-2060-9154-3287,3595
8245-5016-8736-3180,9673
3504-6804-5966-8415,9164
8144-6452-9776-7693,8709
8940-7307-2369-9413,3324
5883-9039-7905-3519,30850
5401-9946-6743-4980,30732
2394-2702-4276-5942,13593
1989-3775-5231-1069,27893
2287-9156-1802-4290,33188
7745-9176-5730-1126,15355
2647-6230-9393-4135,15866
2377-4585-8980-8465,39255
7638-2184-9546-9429,16194
2269-3386-3257-5646,-587
9849-8676-9729-4727,21158
7019-7125-2348-6644,21095
7936-7199-5229-2192,25932
9406-7137-8265-7225,40899
6892-9465-4285-1284,11091
3244-1643-4557-7694,14107
3235-7585-8547-3535,17869
7271-2726-2827-6998,-4567
6839-6136-6270-7664,1882
7630-7081-9953-2587,3717
1118-5302-5442-4806,-1937
8665-5686-8087-9242,39257
8086-5904-1474-6523,38013
4914-1369-4852-1321,13231
4691-6648-9592-1961,28888
3604-2960-3907-3142,26331
1880-5514-1153-5662,47772
4863-1219-1295-8425,18016
3933-1329-5256-8176,31319
6539-4183-3886-1886,12432
1987-5817-4018-4070,39417
4719-7909-6704-6014,4965
9445-3644-3324-9646,16743
3754-9188-4461-7640,26768
4491-9432-5397-5725,39624
8145-5710-7546-2162,22548
2214-8721-1256-2053,25202
7258-5668-8152-5619,36617
2611-2279-9171-6086,-1093
1475-7753-4053-7522,2345
8786-4778-4294-1538,7658
4087-3680-3345-3785,47613
2865-8899-6630-3791,13162
2229-6644-2513-5689,16829
6697-8274-1959-8062,9359
6009-6979-2210-9068,13275
6140-9415-3162-4426,45798
2599-3598-3672-6935,22266
7627-4626-8608-3769,48401
4284-3363-8958-1133,27209
6178-6598-5737-6598,49254
2951-1889-8661-6673,49508
4347-9727-4879-8640,2520
4809-4693-3894-3575,41934
6093-1926-5648-6920,42320
9784-5522-8183-8713,23391
6792-7470-8053-6494,31064
5215-2148-4832-1646,8837
2442-3135-1625-4971,20419
5893-2841-3274-2513,38219
6181-6777-2337-5442,36318
7292-8364-3992-4942,35592
5181-1690-5869-2549,5587
1413-8292-4509-2965,3931
2104-5239-6345-6733,47972
5100-9528-7040-4321,27270
6904-8513-1396-8079,31325
6488-6944-3145-7085,40619
8385-2273-5225-4822,48347
3107-5935-2687-1966,29888
2071-7569-6341-8290,45833
6038-1115-5192-4296,35514
5436-1102-7743-5341,23512
1068-5601-3580-6352,18416
6950-3261-5164-6487,13315
4014-2112-1155-8257,12824
5329-2675-6276-8751,31842
6489-6433-7998-9886,18905
3676-7631-9972-3533,11318
3887-3353-5491-2871,12151
3138-2711-9965-9406,20536
5485-4681-8842-4153,-2977
1922-1305-7296-2787,41125
2749-1363-7174-2622,47349
5586-4827-2654-3529,19482
4796-9437-4036-9090,12876
6040-8877-3894-1500,28875
6903-6223-3698-3863,23830
1298-9421-4237-3053,4793
7120-1643-3303-6641,29389
6610-1543-1819-9565,45838
8852-5663-3065-5848,13652
1671-5043-3557-4099,39026
6832-3115-9369-6856,8227
6977-5494-2145-4592,44460
5727-3437-4721-8490,25460
2568-2720-5366-8742,12202
3507-4442-6938-4111,37511
8568-9860-7370-6345,22979
2886-3476-9915-7126,18021
8731-8976-2252-7878,18834
3798-1731-4675-7978,42905
8944-8608-8930-3970,-1132
9068-1844-2226-3003,38970
5703-3530-8001-4813,39531
3105-7191-6859-4342,27394
6195-4438-5950-5929,2547
4177-5396-2122-3358,-2164
4355-8709-5293-6327,-240
1644-5058-3627-9076,31451
8191-8339-7890-1339,13574
6975-3434-9760-9404,43691
5518-2919-5813-9543,16389
3978-9883-2702-5295,22911
2334-4061-1678-7575,29084
7833-3607-6654-5294,42119
9357-5655-3029-2864,18618
1993-3748-6927-4124,30989
3054-7314-4415-8539,45326
4642-5822-2220-2780,24767
2438-3447-4368-2497,46507
4397-9494-8271-1070,49175
7294-1785-1088-9034,17244
2475-9887-4042-5133,44561
2846-8532-1016-7658,28133
2259-2586-9920-7884,957
8256-7792-1652-1058,2680
7768-9608-2213-1095,-1535
8753-6849-1389-6402,-85
8133-3052-4732-5262,127
2100-4793-2242-3611,44327
2760-5410-6488-4547,43205
4849-4935-8748-5932,25229
4896-1341-6536-4187,16688
4680-9212-8179-6498,567
6350-7280-2159-4652,-4163
5600-1246-6988-6355,25848
9899-1132-4313-7371,-728
9291-4202-3756-2815,-3229
4983-3623-8825-6264,40037
6738-3038-9524-5581,27449
7264-2551-1641-6600,35321
3665-6598-2800-1823,-3229
3324-2723-5975-8076,842
1000-7952-6665-7393,47351
5919-4928-8356-3536,34782
7544-6277-8481-2970,42128
6380-1661-6656-5701,8559
6110-7324-7131-4643,48909
1820-7615-3646-4813,17121
8839-9415-5456-1364,24018
8250-5105-6940-5829,48750
4085-4926-4788-1337,22334
2783-1548-9539-8343,16063
7965-5310-6387-1298,25581
1111-4508-6491-2933,-2147
6305-4973-2717-2841,10456
6308-7776-1972-3961,22018
7125-6255-1172-4345,9518
7911-2179-9913-9594,3846
2368-2262-8690-9723,-2187
9357-6323-4302-8422,43608
7943-4574-6222-9564,325
2500-3268-8860-4919,38154
5634-3596-9782-8448,5614
4403-2116-2568-6833,41159
2082-6223-5973-1311,171
7867-3975-9122-1380,42326
9105-1540-5297-3048,33013
8619-8286-8753-9618,41642
9148-4671-1537-6156,26447
2840-5830-1947-6540,6391
2475-5932-1587-4757,43208
1261-6578-6577-8171,-3756
4805-5810-9242-4037,5356
2798-8182-5942-2450,5393
9928-2913-8953-8831,9176
5127-7040-9454-3377,-69
1671-5649-5036-9196,1375
2133-1475-3797-3970,31118
4459-7929-7644-3639,8858
9904-4370-3038-5128,18304
3391-4599-2020-3663,10801
5093-5833-5968-2079,3826
3787-4755-4438-5064,22364
7281-7718-5521-6892,3120
2875-4116-6398-9661,45055
5678-9091-5910-4379,49537
2359-8955-2419-6854,28362
8564-9850-1638-8730,18867
5010-9825-5187-9495,44344
1886-3956-5089-7580,35053
1333-7066-8641-5667,32219
2035-2191-2031-7735,12693
6929-6140-1755-4006,36470
8763-5869-3521-5361,12471
6374-2533-4318-4302,21050
3640-9400-9244-8745,10560
6467-5962-3851-4332,2933
6684-6012-2353-8352,-2314
4965-9947-4581-9684,36677
3516-7987-5493-3744,-4314
9231-1515-3213-2474,23846
1796-7227-9635-3918,35129
1119-7443-9577-7492,-1411
3351-8645-2166-4620,49651
3756-1671-4423-2393,28589
9307-3579-8818-6412,5304
6333-2937-3340-7077,4656
4880-4362-4608-4979,44487
2375-7250-6226-6091,-4449
9984-9352-2383-2482,39449
9502-5884-7010-2843,44697
8457-8960-2036-4370,41394
8472-7580-5252-7971,26619
5885-8807-8631-1606,22145
1498-3396-9391-4522,17483
5261-6234-1646-8912,30663
3130-8288-1701-7043,14601
5041-6002-6394-9859,9293
2857-2767-2715-1206,47863
1085-3842-4262-5850,39639
3489-7648-6359-4601,29060
7018-5047-8673-2037,720
6737-5638-4788-6106,45247
3192-8892-3437-2772,41426
9016-9903-1093-8781,48237
6819-9143-3582-9525,18870
1785-2263-9843-6967,16028
2468-4926-2671-9380,39678
8272-9566-5427-8722,40963
7595-5793-7594-4378,25109
6962-5154-2012-9641,47100
3776-9590-8749-4281,28118
1505-2389-6431-7725,44783
2497-1890-5392-9578,16257
5419-4971-7418-3232,42671
8463-7327-5047-5600,25762
1798-9545-4237-6432,3956
6705-8942-2684-1758,30648
4762-6964-9043-2380,9705
3971-5723-5963-8192,45617
9536-4164-1601-8400,3161
1291-5379-1390-9651,48989
9745-4014-1191-9841,-262
5374-1392-8500-2980,11495
9906-1022-3025-5024,-2709
5870-2716-4600-2114,34039
5265-3174-5714-8050,14403
8804-6817-7963-5838,5321
4771-6490-9271-2343,11479
1079-8769-1503-8900,34973
6225-6588-6744-4212,-4357
3350-9934-1596-3157,24615
7218-9087-9951-4515,39001
5398-9356-6013-3803,31575
6759-1493-8083-1190,3301
4632-7106-4937-7962,16962
4654-4915-9143-2445,17568
7588-7255-5570-6116,42376
9459-6921-6109-5976,7637
9237-4421-5237-2032,47551
7535-2129-5471-6139,24094
5585-1539-9356-6967,33739
2704-3527-9722-9430,25926
6624-4629-8586-5124,25807
9367-6619-7362-8749,30546
3156-5865-9810-9837,42384
3658-9167-2427-5422,44152
7462-2043-7472-5858,31297
1612-4068-6506-8400,1971
3502-1187-1479-2250,34880
3848-9786-4991-7323,19743
2197-7985-4750-4628,7901
4688-8709-5812-9568,10120
3281-9977-1814-7062,15937
6493-1412-7398-3749,45491
8341-5282-7722-8419,27677
2463-7162-9585-5508,17995
7110-4582-1438-9270,8761
2025-9585-2368-7670,6502
3534-3112-5228-1917,33947
8075-3537-3196-1808,7289
2706-5422-1363-5903,31636
6539-8101-5498-5572,39416
5855-3356-5873-1631,15627
7713-8280-8170-1124,6936
8115-7524-2298-4593,33675
1235-2186-8683-4492,44266
1883-3957-7569-3585,40784
7009-4583-4140-1223,28705
8274-7684-8406-8488,38618
2986-7279-4123-8278,24208
3700-5509-8811-1705,4445
1383-4996-9191-4897,9484
1636-8268-1405-6524,25531
8544-5881-5984-4503,36613
1774-2885-6656-6196,25463
2269-5879-8317-7375,10978
1181-9184-5393-5843,6970
2737-3275-7778-9673,44913
6368-5299-7771-3575,28028
4814-8207-6319-2855,28910
1036-1406-7706-1358,3454
5042-8402-4111-5198,22970
6512-8901-6740-5130,12990
3073-2031-9944-9687,39752
6784-1580-6128-9174,30333
3881-8612-9931-6454,8341
9517-5644-5493-1209,18786
3349-2166-4730-6974,49722
1679-2156-7558-6100,46734
9480-6184-9688-9325,46885
9927-2985-6060-9432,47613
8237-5748-7975-7008,11076
2904-4174-4080-5184,32611
3375-6398-1043-5511,9336
1576-8465-8909-7614,12404
8883-7823-4004-1342,4732
2426-7118-8485-7346,4358
2505-1130-3507-1547,44748
3975-6488-6643-6625,21764
3620-9508-6882-7771,46411
3222-3853-1248-6911,24603
2756-4130-4478-5941,41851
3800-2899-9112-9993,29380
1176-8083-9042-1162,-1041
1181-5053-1401-4394,41811
5434-1906-9044-5127,37227
4546-5270-6583-8562,3994
8461-1562-9585-6932,23147
1042-6472-9743-5277,25468
8382-2618-8277-8720,26565
8107-9097-1608-2852,32674
2709-9416-2887-8901,23795
1880-2500-7311-3831,37256
9158-7522-3720-7032,15240
3900-1964-9683-8444,25794
8575-8949-5231-4542,14006
3008-7656-4380-4787,44836
6399-5413-5220-2697,20608
6096-7865-6039-6281,46548
5362-6104-1318-4973,28507
7180-8894-3384-5301,21941
8858-2520-2960-4575,38860
9664-9542-1365-9358,44773
9711-3331-2010-5712,15153
5877-7733-9229-4863,3439
7669-6862-2794-1526,38223
3700-7324-8759-6405,19023
8311-9265-9952-6179,34089
8311-3740-2783-1637,43073
3619-4718-5526-4113,41968
4570-8272-3839-2402,11468
1013-1101-9566-7210,6552
6605-2151-6813-1427,39605
6112-1653-9748-4712,11902
6245-2037-6568-1065,25079
2007-7577-5180-1127,8736
9459-1873-4639-4613,36580
3011-6917-5247-6906,42635
7919-5284-8612-2259,31068
7783-5516-3632-7366,40879
5550-9746-5503-7299,13980
8886-5673-8196-4565,10643
5011-2377-3985-5387,27403
9304-3783-6011-1625,10020
3543-9268-6083-1899,1058
1233-5789-6457-4267,14569
1748-9149-9356-6227,29159
5461-4116-1782-3134,36523
3687-3670-4554-7294,9871
4161-8597-6807-5439,5499
3296-5220-5832-3987,23224
7565-1755-9491-2201,9736
1519-7995-6176-3207,20678
3255-8934-7944-3552,-2108
9829-2024-9152-2484,23274
1127-7137-6011-7804,15685
4275-4812-5985-9275,-3831
2448-7293-7145-2790,33655
1111-5223-2196-4110,21157
4483-8597-2832-9492,8004
5138-6958-5353-2956,38534
8779-7520-2159-5012,46615
5968-8895-7082-5177,21230
2037-1540-5616-7992,-3212
9064-2759-1901-6873,14526
3994-9388-8285-9527,10341
4987-5052-1703-3716,41335
5035-2223-5344-4253,26694
4655-5062-8036-7821,17471
9086-7707-1608-7246,17532
4853-3255-1517-8097,875
9234-1733-3780-4459,12624
6871-8804-7045-2960,38814
6267-5200-8324-2440,44322
4453-9997-2674-8856,18123
1927-1527-5081-9553,31840
3226-5249-5144-1367,44907
4883-9170-2490-6752,4673
4971-7163-3884-3783,10236
9686-6701-6701-8741,31161
7895-1007-2934-2600,16983
2422-6996-4313-7634,33238
6353-2118-1534-7171,19766
4524-6907-1435-8692,19653
3666-7296-5402-8436,40283
1529-6588-8049-8190,-3909
5681-8792-3404-9932,28580
2862-9371-2127-9842,39877
8124-9614-5672-6597,10827
6015-5439-8207-5447,2457
8235-4723-7125-2873,35236
1956-2402-1934-8392,35728
4881-3605-2117-6092,12906
5612-3715-1530-1060,32669
1755-9808-1649-3852,40708
8164-6178-1794-7167,18062
4881-2151-5801-7469,14487
2769-6713-7879-3858,46806
7098-2540-3667-8632,11279
1167-9580-8172-9922,18987
4346-6300-1910-9343,49240
2964-8907-1422-7179,16756
6231-7352-3275-7081,31464
2479-9821-6489-8111,38469
1871-5893-7784-5210,29668
6023-5996-8854-6695,39901
3811-2066-8404-2315,22210
4243-7617-1792-2854,34098
7108-6818-7088-6882,-935
9642-3728-7410-8219,26201
1975-4230-8758-7590,27790
3188-9089-8973-3425,25476
7140-4811-5670-9751,15511
7591-6523-9190-2380,15728
6943-3900-1009-6482,14966
3071-4013-5205-4512,7208
8202-2678-9485-8810,23212
2039-2069-5309-4039,23168
7015-3859-9654-6037,-1659
7810-9240-5931-9303,3976
4465-1660-4825-5920,-357
1887-2609-4531-8848,22773
4672-7871-5525-4998,583
7679-1177-5791-2256,-2235
7066-6404-8365-2183,47729
5586-1915-3583-6666,45243
7636-3757-3618-8929,46119
3726-7379-2976-5908,27834
3428-4335-4132-2080,37445
6069-8339-1275-7440,10737
6399-4680-5715-9698,43887
8661-8658-9719-9083,5841
2392-6626-4869-4958,16914
3544-5783-4670-5363,15832
4397-9670-8786-8019,-332
8258-8994-8270-8269,4337
2564-4539-2673-6007,12096
2208-9265-5671-4574,26338
6402-4491-5233-7816,13617
6864-2356-5619-1758,28760
9855-3315-6093-4282,23323
4053-9988-3423-9713,32618
1075-2409-5853-8663,42351
7333-3292-1587-3747,39241
1677-2309-5010-7172,41934
5699-7583-5736-8861,41639
2994-5137-9000-8065,44600
1405-8310-4903-4815,41800
6137-6369-6621-7629,2434
3300-9463-9798-4885,30272
2418-8787-7187-7883,2233
3791-5590-4520-2315,19725
6316-3096-4721-6130,3219
2418-3514-7401-8021,17036
3648-4909-5737-3289,11068
5063-9569-1651-1732,15190
2212-2233-2161-3574,5797
9792-8250-5633-7465,31095
8779-9575-7033-7727,34076
5156-5928-3235-1246,32745
9148-4771-7006-9126,22347
8920-2559-8337-2518,7848
9000-9329-7254-6181,25135
4922-4443-2521-1312,186
9653-3864-2533-8581,1167
4674-5403-7026-6324,34663
8916-4267-9850-4440,35843
6936-3799-3912-9632,36225
1836-2168-7185-7169,35248
8402-2021-8576-5167,18384
1053-7653-5842-4806,8084
8989-2843-1147-6134,19912
3417-7775-2446-2355,46595
5542-7812-4415-2616,4197
9983-3391-2264-6401,-3539
9068-8745-6319-4535,7877
2413-5146-5977-5870,39036
1514-5114-7221-4658,37746
5203-2361-2970-8071,27134
6642-1169-2286-8599,28661
2185-4064-2494-2501,28958
2387-3489-2214-2082,17572
4635-6719-7108-6418,28724
4995-5324-8042-6427,-1599
3464-9041-9685-4130,18438
2942-4931-1450-1136,-4286
5153-4697-1678-6473,10390
1119-3486-2760-7119,4523
3563-8147-5411-9929,12845
2838-5671-7351-8356,12555
8935-8102-5270-7498,6895
3718-4510-3218-6140,-3274
6412-5049-3578-1762,8558
4054-1021-4999-1648,39463
2041-1459-1666-2388,39852
1997-1183-6694-8861,31635
6670-1551-2305-2625,17168
7122-6608-7712-1243,4690
4630-8446-4653-4319,13245
8042-1100-7595-6630,38545
8712-8892-3803-7774,5660
6115-8743-4782-3639,39884
3152-9361-5239-2968,10114
2756-3989-2343-1245,46426
8201-8285-4081-3604,15456
2489-2749-7285-1324,16077
6168-4571-6016-6817,33381
4391-4466-9775-8814,26185
7396-5640-9930-5713,17019
2413-8321-8489-5350,17587
2825-3444-3208-1527,33565
7153-6909-7142-5234,59
4911-5078-7094-7177,38865
8795-6445-4417-1301,17340
5727-4912-6346-1769,16929
3818-4975-5229-5283,44506
9483-4497-4532-8547,-3511
2331-8660-2068-2139,28965
8608-4878-6458-9000,23325
8461-7862-5310-4296,42249
4007-9165-6559-9323,19974
1852-5951-3815-8419,21902
4313-9219-4858-8645,18866
8746-1805-7207-8217,21518
5366-5010-5226-8398,9872
9989-6870-5281-9773,23790
6362-1726-5859-5064,41722
6028-5262-1581-5880,31308
7575-6780-5120-8994,266
3320-4363-5012-5265,6250
7611-9952-7102-7822,-3370
7665-8945-6552-4268,38518
5303-1688-7739-7863,26614
9676-1074-3342-1773,49195
4387-8899-1119-9368,47452
8851-8795-4678-2326,22907
1880-8481-3465-2423,30345
3162-7428-1388-6437,31245
8232-1699-4495-2735,26827
7770-3440-7938-4455,42526
8108-4288-9325-8321,23021
2378-7838-6590-5775,7613
1316-1089-5740-5882,3023
8501-2357-3672-6208,24212
9747-4155-5267-6719,20478
6033-7745-4271-7001,-2458
4072-6285-2560-5577,31972
7790-1930-5985-1069,41456
5413-6195-3275-8719,34481
2780-1944-5431-5920,3538
4937-5504-2335-6864,46535
8747-1379-6409-1331,37739
3610-7641-7069-8995,14678
5866-6602-2549-5150,10639
6102-4404-2993-1624,45227
5138-7861-7629-8999,39812
5409-5672-1946-4179,2844
5816-8021-9672-8995,8546
8450-7315-3786-2897,13440
6737-3025-9962-4700,8309
8431-9806-9300-3723,7569
4225-1642-7057-7206,10092
6438-9875-8974-2147,25095
2611-2081-8301-4631,3139
6457-1220-2908-7341,22772
2916-9135-4332-3618,31329
2545-3469-3757-8509,-3097
8033-5906-3770-2617,47571
7221-3865-8145-6444,12905
4381-1963-4458-3654,10535
9294-6367-9308-4711,9388
2116-6361-4696-7927,8018
4969-7782-9260-9480,19944
6759-1585-9294-9672,10665
1614-9588-7288-3375,35176
2857-8878-4978-4888,39251
4113-5882-6577-6801,34303
5859-4458-2115-4125,4858
1087-8904-6825-4431,35597
1196-5723-7252-6738,34771
3680-3699-1137-9671,-4711
3010-9653-4704-7737,-4624
1304-8966-8330-9214,38906
1951-3420-4916-8169,-3115
8379-5176-6871-6739,23518
4034-4961-6965-1665,34616
9688-1411-5037-5173,26522
4750-6398-3718-1383,3475
2729-8930-1236-1157,32586
3429-1405-4942-6328,25924
2457-3016-6264-7462,43469
2696-5772-2796-4514,4257
9005-1446-8677-9928,24013
9983-5009-2862-5914,18429
9215-6130-5042-6450,38217
7065-4747-4867-6043,39664
3538-2996-4389-5056,10470
4676-9696-1925-3026,36702
2955-5700-6361-5471,42948
6369-1519-3810-7434,9685
8915-5995-1135-2402,34509
9927-7552-5382-1325,14649
5447-1338-9485-7777,-916
6820-7444-3984-4547,-3675
9147-2947-6064-4142,39930
2507-2248-5169-7592,48646
2102-6186-5972-5715,2201
8254-5955-3813-5973,29723
7538-4392-7229-4719,4209
4911-1539-5486-7130,22247
8584-4285-2573-9732,29345
7861-4667-7904-8066,15604
4018-9838-4752-8525,49712
8689-3314-3409-3843,49957
7250-8976-7708-5005,23227
4374-6936-9799-5934,35856
7999-8919-2125-3216,41430
6475-4909-6188-4654,8216
3296-1634-3302-4606,18158
6018-9295-4055-8325,25022
5813-3939-1272-2530,21602
6184-7562-9592-3375,700
9823-8645-4828-2481,16891
5606-3853-2829-2978,37199
5305-5082-7844-1290,18918
5649-8701-7332-2664,32883
6602-3956-1430-7242,12381
9030-1260-5017-6383,47337
8548-5257-5952-9347,33795
4577-9877-8649-1797,20409
5715-8908-4213-7532,25774
1939-5092-5589-6238,38763
1057-8214-6391-7655,33116
8728-7168-4192-8080,45302
6487-2277-7770-1514,25594
7234-7325-4623-2309,-4246
3363-8536-7014-5329,30546
8504-4392-2384-6068,35917
6877-7441-9342-8209,-3765
6936-8134-7508-2617,20099
7480-5128-7806-3035,-213
2338-2994-1030-7596,25230
2333-1131-8989-8551,12279
9818-6766-9435-6463,-111
5860-7287-3927-4757,348
7247-8293-4632-9229,49201
9241-5471-6597-1787,15930
9041-7814-2787-3329,39601
2779-9803-9988-8539,37556
9438-6381-5981-9318,16783
5198-9222-5686-3069,-3985
7576-5197-3585-5873,18209
7825-5149-5449-3912,12083
8492-8473-3165-8962,21998
9161-2478-6906-3555,33466
7831-4389-4508-7099,36603
2344-9860-8821-6660,13753
4420-9684-3857-4040,33948
9857-5163-7631-2048,7421
7400-5631-3369-8442,21606
9313-8834-3835-9009,30549
2591-7994-1170-3114,9945
8054-3717-9199-5787,3458
8448-5834-8742-8907,1556
3941-6490-9212-8767,35953
2760-7675-8144-5603,23534
4188-9077-1169-1882,28189
5517-5979-6775-8239,28497
6454-3887-9507-7770,34440
1414-2132-9889-4866,18390
2965-6314-2771-4862,38934
3345-1743-7731-1178,28363
8657-7005-5571-4871,47810
4447-4412-6189-9409,1848
1313-5775-2672-7627,13730
8590-7956-5660-6955,48400
1113-5427-8902-7868,11654
2298-3344-1034-3314,-1687
1193-8800-5125-5824,42053
5809-2597-4780-2046,15510
4444-7658-4292-3168,334
5951-7763-3515-3223,12311
1215-8517-4156-8468,5504
8245-8711-8685-3486,48661
2627-6494-6381-6564,20931
3764-1792-5866-2652,934
5933-5294-5100-2451,31800
4626-6215-7456-5051,8355
2013-8442-7613-1506,22941
8733-7826-6509-5434,23605
3390-5208-8546-9574,25480
6380-7376-4826-1501,43509
4333-1915-6046-5917,45538
4137-7604-4430-3532,2293
9332-6312-9302-8536,34849
2553-4713-2832-4609,-2991
6341-5868-8066-9586,19053
9349-3738-5254-8316,21464
8293-5958-7588-5773,2077
6962-4743-4773-3237,40681
2346-3358-5039-3336,31839
9941-6653-1749-7497,49138
4923-3210-2297-7570,42755
2245-2776-1411-9680,24992
1152-2863-1629-3170,35403
5948-2585-3171-7357,-4876
2368-8098-9676-3759,10155
1283-3770-8558-2519,2326
6790-2985-1892-9070,32143
6673-4969-4420-9484,-224
8802-7747-8527-6766,37334
9031-2380-4299-9946,23735
4055-2863-8297-3313,49398
7070-1498-9395-8005,42533
7358-5663-1260-5203,17080
6901-8379-2857-7788,25602
7966-5856-7868-1406,7049
5381-7131-4320-6023,16946
7027-6792-5663-7355,31020
1030-5265-1863-7912,24802
6595-6179-5858-4069,41074
2403-8911-3065-2293,2944
2232-2301-5506-7420,32925
9522-7884-2415-1324,35591
2896-3392-3438-5455,26031
4850-2816-2609-7412,41248
7442-1405-6633-5464,41223
3586-5966-6753-4215,1123
4730-8226-7545-3448,16115
1110-4933-8767-5193,13395
1710-3782-8601-5778,19346
4604-4297-3748-2794,-4869
5116-6969-1760-4596,28006
6528-7067-7008-1135,47499
4584-3884-7062-1057,45511
2193-3722-2556-2986,37722
7186-6228-5313-1377,-1520
4623-7900-9693-9662,630
5830-4918-8378-5445,11936
3494-4011-8955-7674,-4412
9511-6215-5969-1982,23113
1474-9097-7523-1605,3859
9343-9950-2052-4187,6337
6494-3701-4138-4767,3111
6005-5477-8177-2944,28151
7648-9974-4483-3018,22878
1861-5549-6030-4023,2111
4314-4475-2330-5747,37731
1259-2971-3826-2443,15468
7826-7848-4037-5230,25025
9692-2762-2232-2860,44881
6704-1782-7286-2091,8121
3152-4778-7248-4488,34224
1383-3039-2728-2675,13968
8673-9720-1353-2071,17114
7406-6983-6543-2472,10632
5636-1098-2876-7539,5186
7407-8574-7323-1400,49458
8596-8298-4840-8309,8491
7894-4791-9079-8924,-4896
8727-3914-8141-7447,34209
3361-6773-3274-9563,-2919
5893-9183-5139-5580,40287
2845-4897-3452-5548,12331
6272-7779-3585-7072,33880
7919-7542-9594-4738,44203
5376-5635-8898-8254,38258
1665-7686-6797-5339,35434
8314-3416-7476-5620,1404
9684-5022-7970-3940,9495
1314-3658-2919-5502,33232
5534-8044-9545-6725,12809
6494-5663-9260-4365,-87
8061-9200-6344-9757,5
3536-7713-8820-3613,33339
6950-5362-1455-3764,48479
8934-8044-5340-3247,11711
8467-7521-8429-4443,-2826
4892-4374-6467-4772,10655
9202-7561-5267-4536,32683
3347-5582-3709-5896,24190
8564-5087-1227-1287,-1260
3770-7235-8591-8986,26360
5098-6584-6700-3453,44321
7227-8941-6655-5826,19715
7891-4840-9029-4733,38709
9760-2073-1335-4696,9033
6029-1656-7485-4717,48265
1016-9405-5271-7065,-2822
9238-6412-4899-7221,29847
4044-5130-1072-1567,9976
4460-4440-1117-4367,-2174
9714-7811-8633-8148,4111
8663-3149-5393-3406,27508
7968-6585-2886-9618,5980
4768-2934-3401-1483,22401
5695-1561-6332-4638,45073
1080-6261-6522-6896,30768
8309-7263-4346-8198,13127
5342-7915-1958-4898,-4952
3242-6937-7874-6040,2193
6138-5797-4911-4412,7715
8069-1298-6608-5584,5800
6097-6406-3807-6293,22511
5801-1229-5000-3508,31590
9290-9365-4068-5404,46404
7167-5193-3526-4057,48356
2308-3707-9182-6466,25288
3093-6735-3564-5939,1080
9204-9903-4369-9661,-823
2723-4452-9391-9271,19860
5603-6334-6627-4932,8851
7376-2626-2921-2548,13246
4103-2201-4767-5953,48608
9113-9893-5164-6886,6866
9543-9839-4602-1647,32714
9074-5402-2600-5655,27154
8249-9312-8970-3182,42038
5355-5646-1349-3333,5774
9807-8923-6307-6756,42823
1634-3146-7480-9698,35870
4961-1081-3871-9126,43169
7091-7925-5729-1620,26300
1857-8617-1006-3797,21569
7574-9241-7213-1356,31245
2801-4670-1290-8278,26408
5060-2695-2691-8703,42533
6434-7037-4278-4187,36886
3518-5534-1342-4856,615
2406-9344-7238-3498,12101
6485-4472-3096-4289,1964
1035-8312-1462-9062,46809
1946-1286-5604-8097,2143
1496-9649-1046-1181,-3517
1227-7297-9137-9168,35710
5658-3519-8299-7614,23460
6491-3960-8528-5522,14655
7702-9419-4438-7560,12097
4570-1940-5831-9583,2744
6883-3499-5501-5464,36610
6576-2812-2398-6536,37558
8601-4744-6576-8471,-3027
1454-1366-2841-5466,28047
8945-6687-3286-9783,29301
9675-6480-3998-7478,-2630
7063-8072-2492-7201,28813
6161-7004-9495-3655,-4724
4114-9487-8043-4346,26654
7862-2871-9758-8051,43871
1217-7032-1947-6071,-4983
6969-4363-8273-3160,16360
4693-4718-7286-9779,16456
8384-5418-3717-9318,-1858
3741-6893-4272-9654,-4837
1575-9961-2326-8409,30068
5036-4238-8590-9028,49881
5315-8972-1688-7673,13961
1320-1530-5463-3769,35592
9018-9335-7424-2238,31580
7430-3814-5865-3217,38231
2393-1922-4971-1485,-3382
4670-5482-4190-2335,36362
9667-3460-8030-4435,27396
2004-5702-6194-7717,29309
8065-9252-9399-6889,38956
2263-6304-7222-6996,341
2751-8326-2748-1222,1679
6648-9254-1633-6936,12437
1700-3414-8884-4139,16906
2626-4302-3478-4520,24248
7772-3180-4897-3340,48109
9788-9787-4071-5802,45939
9629-3402-3312-5255,637
6818-2356-2907-4750,25354
9582-4169-4958-9879,23424
4872-8425-9172-3669,36576
1391-1215-8230-2185,434
9286-3155-5067-9054,19997
2155-1904-5713-5729,-2748
3027-3406-8697-4325,27958
8674-5498-4581-4617,501
7572-9147-2054-5674,17122
4447-5548-3069-4050,-769
6554-6553-8555-2054,319
5880-7577-5143-3240,21234
6326-5266-9773-1940,20726
6399-6598-8728-6043,32195
6579-9093-8897-6324,-1523
2683-4231-6291-1829,3022
6876-8056-6468-7174,40946
4848-5368-3272-3822,34964
3746-1328-9394-5607,9269
7587-6717-1449-1475,-3212
3315-2145-1578-5503,44169
5516-2697-3911-4263,18860
8040-1255-5165-9474,29471
6506-1560-2602-3887,12899
6760-1858-9702-9633,37279
1731-9946-4499-6498,3953
2813-5791-2397-6891,27160
3606-8187-7380-5582,27305
3867-5695-5693-8582,-4217
8264-1864-3025-6498,19166
6876-1228-5548-9697,6821
5295-3577-3400-6065,10578
2033-4806-2133-1513,23142
9828-4945-5747-9013,39255
2059-8777-2179-5931,46605
8459-6336-4427-8091,25255
3522-6723-8695-3236,25320
1210-3321-3878-4306,42449
9406-8625-1569-2892,7465
6643-6622-8970-6914,35536
3247-5073-5137-6178,29207
8489-3535-6672-7721,31855
7216-9721-3090-8524,3979
1178-9048-1790-7987,18361
9276-9629-1197-7526,23548
2948-9059-8469-7633,33098
2457-1839-6193-5332,29881
2229-9824-8296-8149,24780
3899-7421-9861-5513,44354
2824-1739-6983-8292,11687
5775-9012-2131-1977,1437
4559-9175-9954-7273,21836
7855-3798-4363-5297,9746
3503-2934-3547-8799,32833
7458-1488-1700-5296,-889
7228-3813-8714-9975,6554
5392-9349-8174-6241,36660
4676-9079-6650-4086,4526
9530-5128-7875-5482,22456
3765-3341-2253-7771,37909
7185-2116-2048-7589,42539
1074-7985-4747-1073,4920
3558-3003-6805-2499,28229
5272-7298-7084-9031,4857
3800-8251-3186-3910,14496
2885-8663-9339-2852,44644
1310-1661-9513-5925,30554
8570-5830-9656-1197,-3395
7509-2161-6870-1936,220
2828-6616-7813-1071,9565
9533-5077-1313-1988,42860
3249-7505-8135-8302,13270
9852-9328-1527-1212,40595
9301-5337-2779-3313,36718
1984-6620-8210-2317,22719
6282-6835-7665-5225,17201
8328-9600-9202-6264,44836
1732-4141-8776-8576,41276
2546-5182-4904-8295,-2589
8534-1821-6950-6900,33708
9017-8484-2308-4421,278
2489-3928-2707-2583,15163
7117-3135-9522-7155,14136
1868-1211-4526-9408,31309
5197-8014-3689-1757,167
8949-3002-2567-8661,42579
4905-6855-2888-4273,34891
3525-7630-3533-9474,26251
4993-4335-3094-2454,43170
9797-3237-7350-8794,-1901
9323-6981-8934-7456,33422
6844-6226-9031-7628,31077
5648-1051-9755-8373,35869
1667-6147-7273-9408,33106
1913-9669-3622-8194,8064
1372-7930-4699-6927,2447
6102-5205-6252-9542,5401
9896-6516-7025-2552,12121
6740-6943-1008-5441,22544
3786-5304-1517-1807,25491
8585-9822-8207-3697,21331
6689-7662-3246-1920,26698
3280-5421-7460-6863,27450
5858-9107-4580-9556,16099
8999-7365-3651-3357,46349
3639-8154-9725-1132,28548
1023-5119-7371-8271,13467
9621-3168-1408-4866,4767
4041-1564-8743-2770,28044
3168-2702-6728-9785,31920
6873-6788-7613-8940,21570
4993-2514-7086-6874,22949
4293-9222-2888-5605,42231
8477-1586-4638-2182,8906
3985-8593-6555-5851,22028
9918-6928-7086-2434,2598
1548-6740-6389-9379,16710
3072-9669-6589-5224,3064
6820-5357-2480-9417,6391
7192-9280-1206-4193,996
5739-9966-6704-3248,7641
4980-9512-4177-5189,36854
3753-4883-4588-8550,37053
3862-8690-9016-7064,6907
5603-8067-9468-1949,9458
8418-8581-1146-7880,42436
3862-8884-2478-8109,45883
7332-7492-2428-4174,24788
6475-4066-4575-9877,47303
4720-6428-5734-4842,45502
9743-2610-5351-6729,24536
3257-3711-9826-8556,34908
6148-6310-5689-1674,1746
9694-1180-6762-7460,10839
9329-2600-1816-5971,19463
3745-1419-3325-3514,20284
2079-3433-9361-6369,39101
4404-9780-6946-7345,36488
7457-2937-2045-2104,22328
1849-5061-5771-3138,64
2236-3812-7673-6104,45193
6321-5980-5032-6173,1397
6072-2519-9360-3359,41154
3029-1146-3750-4393,19288
9598-8763-7780-3950,38697
3170-2874-3101-9099,-4048
2019-6988-7003-6999,8622
6060-1587-2303-6607,45256
7554-2549-5558-9706,46086
9638-6935-7299-9740,48207
7746-9395-7334-3072,48741
7653-1738-4151-3856,25291
6056-5183-2456-1620,8995
5041-7579-9380-9936,37051
2864-2456-7543-6860,39549
5394-2503-4151-2989,18664
5096-5474-7155-3433,25518
8323-1318-9865-2179,13204
8818-9752-9691-2977,41785
5157-6352-1042-8416,31560
6759-5358-1905-6087,5176
1689-4471-2797-4449,25612
6620-6160-2646-1137,14368
6054-4392-9381-9487,16116
2097-1302-6072-7510,45846
1159-6961-1898-1254,2021
2431-8217-4589-1502,16925
8225-2447-8236-7162,42543
3986-8941-7313-7853,-2310
3310-2339-6005-7148,29257
5471-8689-3055-3672,1812
6038-2757-8187-4068,26405
1021-3125-8166-4579,-2969
3463-9329-5788-7533,21444
9546-6800-1931-6456,11113
2478-9649-2640-5614,12485
1465-4278-5244-8016,-3298
5566-8345-1316-3397,7570
1642-6226-3101-8667,30352
5845-6903-8657-3867,48135
7149-2648-3653-3669,26355
5996-9802-5395-8075,40285
7258-1727-3605-6117,501
1599-1599-7245-1937,5338
8382-4501-9151-1003,11030
1030-8998-6991-4966,42704
5003-8734-5371-4688,10116
2260-1051-7508-5622,-2564
3431-1673-5472-8178,47596
4976-4897-5414-4063,7064
8088-3996-8903-8931,-2236
1458-6051-5599-5730,27624
4164-9024-5258-2253,25391
2648-5118-8519-7511,46023
1691-3554-9831-5944,27775
5170-6471-1726-7090,1562
1771-5127-6404-6326,27541
4520-4874-2869-2354,14611
8100-6085-3510-6970,17953
8809-4140-9235-1854,47827
3288-5659-2893-9112,34774
3486-9709-1575-3694,4093
4076-9550-6636-5313,36987
8620-2858-6861-3078,1525
2084-9130-1827-3437,13622
3845-4924-4041-7802,-577
6750-8387-4848-8631,45998
6903-9385-1330-1192,14746
5818-1249-8078-3827,48072
4775-3783-8371-2598,21758
7609-5068-6595-1479,366
6820-2481-4082-1357,37848
4445-1820-5119-6010,-4492
6026-5847-5461-4500,19532
1874-2609-6654-3353,8363
5339-2790-5828-9152,21218
7430-4957-9936-4656,48748
9893-4203-8665-4327,19114
4342-4169-9583-7900,25725
1848-7366-7140-8059,37502
8755-3174-6465-6916,27690
2053-2548-9090-5796,46509
5562-2606-2006-9512,12673
2290-1141-4466-3962,3191
4582-2775-5511-9670,40787
6930-3176-4535-3506,17917
7210-2018-7514-6299,1114
9807-6474-5232-7760,21054
7408-3480-7245-4832,25641
3602-7649-7200-4245,-2993
2700-4730-6755-7578,47546
7839-6652-8274-2902,-3761
1933-2275-7718-6225,21154
9803-5384-3009-6595,39315
3481-9843-8199-9283,-2006
7279-2390-5237-8021,49580
6141-8200-2009-9015,5627
6777-4404-7733-1188,22123
3910-8418-5266-9875,43942
4705-9320-4737-2277,32278
6819-3566-5223-5388,47919
6514-8777-2415-1044,2981
2357-7932-2168-1156,5507
7406-3374-3749-1650,13119
7405-8511-2372-6215,19037
7243-2605-6627-3015,27908
8926-5319-9572-2877,37215
6528-9820-4330-7784,8912
9182-4162-7080-1587,42455
7206-7045-4115-1737,46884
4106-8671-4680-5244,45302
3044-9807-1311-7798,37384
2376-5385-8255-7330,-2737
1032-3219-1528-9019,19262
6919-5706-1400-6669,31367
1462-1996-4676-2281,29028
1600-9332-8239-4800,37301
8269-8109-4960-2351,40744
8162-3909-9675-3113,33754
8288-5929-1941-5761,31044
1114-4279-3896-9312,46080
7484-4009-4908-5601,1743
6292-8377-8186-3905,34690
8391-8501-4647-1499,22996
8962-6264-3440-7751,19814
1682-3559-1065-7699,21903
3046-1320-5059-5675,-2225
8223-4445-5171-5212,40694
8126-7753-4997-9195,31853
2230-4121-7472-9095,-1357
5954-1192-6627-1625,11926
7077-2044-1753-2806,33584
4475-2975-8757-5049,42738
3072-3467-7590-8779,32431
5948-9815-7585-4187,42826
2611-2023-5416-1453,46613
8614-6199-1761-1343,40484
5151-7608-5363-8898,47308
5811-4266-5672-1005,26119
7147-6356-6428-6293,17911
5332-9757-5167-5315,23140
8411-5613-6261-7825,4667
5668-6191-5031-3957,-2055
3712-2175-4885-2805,17587
6679-3745-8309-9728,20232
8915-3696-3280-2772,15522
1846-8144-7476-8612,43431
6508-1153-8939-3273,2038
1123-6852-7689-2506,26766
8136-5714-8598-2757,7383
7179-7593-9877-3438,23436
3118-7627-8546-5423,23486
3533-2571-9642-3842,35056
5544-6411-9434-4490,6863
2575-4915-6202-4756,1866
7295-6373-4036-5517,44061
7919-1408-2826-8462,41838
8326-7525-8807-6327,14161
5452-3832-6129-2681,-2339
2624-3637-9334-6666,24037
5366-4153-7394-4973,41925
6092-9014-2448-2131,43612
2916-2938-1165-3367,24842
2621-4127-6609-3754,29418
3543-7648-6359-9171,14500
7130-6114-1084-5325,23207
9944-8201-6012-7227,29907
2947-1477-7800-1077,-4066
2010-6960-9297-8752,28449
3694-2920-3579-7513,-3225
9108-6099-4015-6439,32301
7483-1990-1340-9859,6299
8278-1226-8173-6671,6479
1662-1182-1892-6002,48258
3872-6677-7515-4575,17098
1766-9203-3232-6525,10363
9454-8652-1740-4188,46858
4503-8780-7389-2863,32840
7371-6061-6314-1687,12192
7231-8554-6001-4513,24482
8519-7911-5774-1701,1428
7374-4110-6301-1135,47782
1527-2580-6382-4835,31102
9313-1866-7301-9370,23154
3815-1326-5254-9531,-4599
9636-4915-3619-4965,14912
6193-1569-8069-2844,24916
7412-4094-4451-9557,9690
1197-5300-6040-9699,37669
9586-1295-6008-4271,17560
9613-2904-9780-7429,19782
1843-8364-3216-1177,35615
3817-3237-4836-7242,9682
3793-1585-2100-7915,30257
6692-9027-9220-2235,12103
1983-4751-4982-5564,42097
3198-1863-2432-8334,14870
4588-4403-3117-9314,45879
8660-4900-7098-9193,6790
5850-9253-7469-3530,8148
6148-1629-6874-4707,7775
8704-5528-4127-5526,24718
4059-8317-3990-8274,23275
3754-1426-4019-6095,16616
9879-6465-1703-2176,49272
7585-6837-6626-7207,32460
8678-2327-5874-7540,48824
1519-5774-1573-4047,26132
3831-4190-4362-9306,25588
8496-5736-2563-5986,17251
9289-5273-6133-1758,23538
3747-6272-3093-3167,15683
4372-9550-4072-5588,38642
7730-7756-4726-6072,18163
8494-5676-9953-5757,42923
5266-4623-1726-8475,32928
8513-5443-9536-1722,25644
1200-7726-4331-5076,49876
6840-7814-4179-4951,7987
5487-6399-8506-2319,15769
3061-8785-8289-3095,14304
3579-4141-2557-5318,28899
8749-3473-2631-3671,1482
8859-3320-6669-4664,-1865
5877-9653-1059-1047,36998
7775-9022-7940-9658,18880
3246-3725-5804-1139,43205
3699-5637-4127-8125,17723
7274-6120-9911-6699,7105
9677-5829-2573-5524,47742
4496-9195-6101-4860,8903
9375-9995-5638-4409,48252
3049-5183-3857-1585,24417
5704-7743-8963-1846,7070
4331-3252-1208-9107,37571
5662-7427-8493-8663,38423
1109-7424-9597-4198,4256
5362-1433-9751-4755,29321
3257-1070-7403-4676,49608
6762-6777-7215-5766,1473
9810-5533-9167-6496,4831
3714-4865-1908-2596,11156
5502-7281-8069-3678,15513
5715-8310-9668-9855,2011
2269-2760-2144-5949,-4476
3996-3317-5816-2143,23896
5712-8190-1660-9758,11318
4240-9951-3829-1600,541
4158-2899-9017-9842,-3487
7855-9077-9257-6231,-1159
2813-2569-7201-5240,16006
2642-3194-8014-1726,17377
3231-2864-8488-3333,13382
8255-3713-6047-8540,6425
2539-1382-5462-7182,1424
6031-8819-8921-3177,38449
1095-9779-5427-4168,-3081
6571-2381-3709-4494,4775
4394-2936-8081-4824,29052
3959-8037-6289-9952,48162
7286-3384-9578-1330,2285
6761-6707-4411-2875,44014
4741-7309-6211-7637,6561
1741-2766-3800-3221,37482
3188-8108-4628-7632,21044
9304-9958-9659-1479,-2970
6184-7402-3004-9653,8195
1078-4451-5631-9384,11159
2610-2600-6430-8748,22426
4326-2274-3824-9208,1920
1868-8678-7491-1808,-1473
6107-2253-2911-9299,15817
6514-9565-7418-4434,35174
4487-2419-3765-6604,-3634
2660-4509-7196-6635,8025
2344-1699-2492-6139,35834
8366-6378-9584-3085,5295
3826-4728-6196-5626,8965
2758-2113-4835-5873,-1764
4396-1674-6572-3470,10935
4308-8741-7237-7873,790
4348-3283-2999-7329,42271
8032-1540-5231-9305,1871
5397-5389-5269-5875,17258
3255-3270-4121-7154,41349
5941-2885-2820-6073,20432
8100-4519-2011-3440,27630
4992-2874-1192-1710,18671
7784-1661-9619-2105,-3924
5748-2587-4682-3271,14327
1653-6852-2864-9499,31272
2985-1218-1790-9223,43427
7414-7408-5716-1552,41449
8095-6706-4249-8602,31236
3609-5710-9482-3382,46655
6979-9109-9143-4052,15135
9392-8141-7259-5494,42685
3114-1742-2625-4424,-1037
3994-5330-6546-3084,43803
9241-3245-7274-3077,36541
8016-9625-4639-8776,10844
7741-3837-6819-4924,22455
6679-9857-9849-2803,39675
9377-3450-2351-3773,44039
5159-2266-7730-3533,18251
2510-1810-1171-4131,-711
1178-5081-2625-4595,33914
4356-3737-4237-5419,26487
2828-5857-3950-2032,47292
1805-7179-9668-1889,10563
3040-1699-4901-4347,32881
7818-9633-5414-2579,27917
7131-8281-5525-9336,37043
4371-7533-9830-2836,21714
9901-1894-7261-3694,28235
6198-3608-9122-7742,28860
9049-6156-7988-8953,27399
7009-1497-8942-7638,33226
4123-4570-2060-9932,20376
3685-2676-1610-9297,48238
6974-8320-3084-9264,48989
6143-4449-3099-7588,-3390
2331-2360-5747-4752,-3515
8491-7462-7435-5714,-603
4585-4459-2847-9654,2142
1202-6705-6758-1701,5116
5673-5835-3291-6530,46726
7026-8747-6441-5109,39049
4494-4233-3611-9592,5154
6243-1165-5971-8835,35
4792-3006-8754-4520,30281
4456-3933-9623-5601,8237
3182-2346-3234-5438,41935
1136-2886-8859-3039,32297
9214-3741-8482-3979,17873
4377-8846-6754-7998,24783
4799-1949-3241-6415,18667
3705-6553-7181-4663,21437
3317-7303-1121-9722,28011
6215-8050-7381-8321,24571
1961-2421-5494-2657,16260
5485-6733-4208-8714,13814
8587-6690-1521-1854,48667
3039-4678-6275-4618,19167
7390-9009-5052-4791,19973
6888-2346-9946-2398,24748
9815-4240-4871-7043,-349
3389-7545-8148-6381,20347
7215-7351-5122-1436,11897
6213-4799-6433-6641,-996
3662-8024-8726-1048,39579
4348-3097-2450-4602,39958
9653-1204-6680-5381,30417
6935-5612-5556-2905,5476
8888-6334-8351-4347,19635
7644-4401-7845-8058,24740
6676-3466-8690-2570,44291
1635-8467-7851-8208,43685
5142-5653-4988-8710,23891
3775-8711-7971-2386,13956
6042-8185-6674-7371,12238
5687-1777-5635-6527,98
3995-6234-5501-9319,5370
1892-8937-8964-7472,26896
6661-3771-2056-1019,36795
9868-4205-8693-4723,30230
6394-8595-2405-9921,14512
1184-6237-9604-5391,8576
4055-6155-1034-8108,2079
5734-4141-9219-8688,-4587
5035-3683-7893-7340,23442
4793-1083-7266-2318,29270
5124-2103-5640-9912,9438
2334-3569-8817-6321,16814
7030-8622-9550-5255,-390
5513-2109-6521-9570,22222
6097-2778-7656-9034,14126
6201-7251-9231-7581,34927
1754-4633-6325-8588,36829
5543-8665-1654-2596,34108
6797-6695-7982-7708,10281
5126-6975-6573-5183,8173
6574-7315-7149-1229,46080
3908-6264-7127-5004,13908
4615-2532-7589-5967,25154
2612-8627-5044-4868,2524
7382-2221-5183-2633,11075
4150-2439-1732-5583,35498
2990-7332-9395-6247,4098
6348-6207-3089-9753,14162
8693-1971-7932-7437,14579
2752-1828-1493-1228,10456
1962-5565-1702-6976,-265
7093-9506-6053-4281,46234
2208-6843-1448-2198,-2906
1842-8936-5650-5415,16514
6427-4151-1089-6510,38215
1663-6129-4398-4676,16744
2000-2404-2759-8589,32474
5550-4271-9814-9680,5391
5800-1718-5633-7572,18866
7893-7501-6554-8427,39869
1377-3762-3841-5096,5602
1311-9130-9930-4187,17753
4817-3292-4421-9919,17801
5007-8075-5024-5220,15152
3751-6813-2053-5208,10403
9367-7016-5040-6529,5483
1543-2607-4949-1970,-2972
8974-7725-6950-6681,-499
9233-2815-7626-5189,39702
8385-8693-9146-8326,38951
8872-8511-9389-5861,4817
9611-4439-5746-9650,1605
8472-6447-1878-1728,14562
2320-6741-6907-4515,8095
8365-4107-4072-4964,32084
5376-4903-4064-5144,30390
5048-8032-4654-5952,22924
5808-6701-6767-6350,24891
4076-9703-3819-1993,16083
3463-5849-6866-4602,33754
9694-3225-9765-8815,25975
2209-2405-2169-5447,7632
8297-8718-4052-4298,22893
5701-8347-5939-9672,-4770
4432-8610-7057-8099,14652
7127-9937-6927-9421,7102
8628-8925-7930-2706,42945
2554-1591-7096-3573,38024
2454-2875-7666-5157,41486
6090-6178-6996-8622,13045
4575-7036-6650-7938,26697
4193-3497-4936-1752,444
6952-1611-9208-6247,13709
4479-9834-4000-2733,42185
5182-1377-7742-9033,25981
4748-9933-6630-2285,39109
3409-9011-2315-3433,47883
3877-4446-9438-5658,6198
2409-2277-7397-3314,7471
2220-4477-8103-1010,-1480
4470-3600-9664-5922,42326
7381-6022-9447-2556,20608
2389-1109-1217-9650,12051
8071-7672-2270-2915,16486
5931-2763-7655-2070,39492
7987-4939-2736-3021,5752
5161-4409-8806-5195,22719
5518-5904-5985-9365,31772
1596-5736-5797-4907,26019
7520-8493-9389-4848,28528
3329-4306-9257-1775,46881
6249-7956-1613-9734,39563
2555-6252-4975-3323,39760
5509-5165-6051-7723,35471
5166-6041-5420-2506,9657
1738-5151-7976-1238,24304
6123-8711-8275-9146,46375
6868-4119-3953-3520,34255
2588-2359-5363-4492,32114
8442-8346-9447-8041,45684
2223-4135-1608-9922,42039
4714-6563-8945-7956,18981
1488-7547-3441-8758,39151
9356-7456-8383-1080,40790
8970-1168-4056-9700,-4257
4873-4792-8364-7993,15931
5266-1204-1077-9564,12641
7468-8537-4503-2111,8016
6011-7991-3992-2026,37330
7337-3043-4085-4026,-2843
1706-4594-7023-9191,29086
1519-2644-3712-9392,1962
1971-3457-1030-8614,-3554
8888-4449-7585-9388,28110
9863-2305-4323-5632,15624
6309-5893-2904-7989,9942
4689-2510-5708-1355,38607
4622-7849-4063-2600,1468
8336-8350-3395-9295,-1061
7263-7913-3714-6029,6122
9687-8106-5149-3337,-1126
3688-3460-1100-2452,47599
9627-6686-7599-9800,10492
3967-5549-4579-5590,3886
9482-6162-2845-1399,47682
7610-6717-4033-6507,2973
5674-6497-6260-8029,23667
7487-9263-4242-7746,-1733
8932-9784-9711-3526,16477
5725-3571-4573-9300,26788
2461-2147-1099-3057,37170
4677-8222-9193-2284,8295
8695-3741-7777-4118,-4369
8597-2149-8345-5390,17907
7578-2561-2742-5251,20825
4034-2144-3155-6405,44230
2103-8416-4494-9370,40835
8085-9582-1243-4673,31144
3804-3721-7120-2113,21336
9523-1394-4017-2362,38997
3145-9665-3280-3584,15397
6458-6315-3459-7403,36130
8235-1436-5247-6417,26599
9078-6042-1185-6150,28116
5721-6703-7934-8891,4625
3475-9970-6926-2901,30408
6952-6504-3553-9022,27237
2047-9045-1143-5724,8868
3681-2713-1089-6543,40598
3593-8172-8085-7605,20290
7684-6930-7569-8830,26454
2578-2545-9144-6144,32180
1294-6647-8715-6904,23029
8494-5356-5715-4415,39686
9823-3656-1852-1924,5931
4438-1003-4013-5583,41157
5457-1890-2615-6757,2013
1592-9997-8672-4401,43941
6266-3135-6647-9779,27717
6493-6406-5125-9037,4541
8237-2118-1331-2897,18422
9343-7652-7040-7981,1838
7741-1248-5345-7049,7484
3912-3231-8766-9951,5393
3888-4986-8046-3993,8832
7588-3482-9074-9421,19197
7253-4522-1894-3879,29045
9762-4023-2713-4097,30762
8900-1525-2472-4525,29761
1425-3509-5779-6988,43419
3269-4933-5533-1859,-1607
3767-1206-7158-1125,36849
4449-2479-8846-2347,-1632
3243-5729-5622-5050,14301
3282-3361-2687-2734,-1407
6797-3038-6577-1765,33639
4479-3389-4179-7584,46032
4314-8097-6317-7681,2353
7651-3055-1289-9568,49658
7040-7914-5642-1954,29687
9266-9532-4600-5592,12969
1864-6856-2781-1040,37415
7693-6371-6866-5612,24464
6155-3892-8658-9759,18776
8754-4985-7448-6822,-1429
5933-8126-8783-3152,27715
7584-8397-8661-8366,18870
9758-7096-7051-3310,26924
5993-2356-9412-8444,28231
4049-8057-7154-2549,44117
9808-8731-2556-7951,37302
2024-8259-9371-3888,34300
8885-6678-1046-6165,47202
4670-2374-1335-3729,-2706
4780-5215-3439-2574,43941
7695-6451-5453-5121,23540
3618-1953-4549-9005,12528
1296-1105-8717-1965,32765
8456-6112-7925-5489,38528
5434-4704-1475-3940,26696
6666-8727-8696-9614,16979
1603-7105-8059-1424,3425
9774-7231-4559-6334,27056
8438-7967-7864-3352,12717
3249-5610-2671-9927,-4676
9022-9776-1110-2046,1952
9939-4502-1885-8524,29453
5998-7423-3815-5530,24886
1234-7568-9661-2515,48086
1020-2937-6444-5543,43559
3592-7713-2321-1550,19737
6810-1987-8777-8569,5124
4138-8523-2208-1853,40448
3177-7415-1177-5466,14224
6697-9020-3007-4242,-1028
3848-6729-6136-4117,45313
9064-4006-2996-1989,32581
6279-7263-2837-6372,14333
3351-4760-4818-6192,16683
2158-8467-5399-1340,21795
7866-6418-1690-7179,27195
9699-9216-7450-1450,10963
7833-1982-9148-6434,19643
6372-3123-6771-2034,10899
3828-3359-7642-7583,23856
7533-6213-2938-9567,28744
5510-1895-1151-7178,7123
8943-9410-9702-7264,23425
7154-9757-3578-7232,22167
3049-8214-1664-2344,30536
1877-6313-5970-1165,-460
1626-6015-4454-5000,47957
6011-2470-5149-7118,23199
1769-9947-1870-8537,9286
1314-6436-7681-5155,40694
7640-1456-1435-1888,33317
4230-6356-1566-1625,38307
4155-8246-9356-6680,11693
7641-6021-2670-8694,20774
8436-7534-8480-5535,45671
5556-4820-9816-8736,31269
6938-9022-3823-7144,7691
6761-8066-4017-4632,-3764
1553-3291-8509-8762,26468
5757-9018-4786-7360,23051
4256-4768-8467-2233,18169
3709-2390-5336-8500,19711
2256-4124-8174-3844,48701
6721-4854-9326-7420,5364
7286-2892-5296-5972,35688
5687-7905-5824-7450,37421
9090-5783-8260-1912,21499
6536-1750-3702-1767,46597
1941-8026-2713-2694,32671
4259-3117-3452-9450,16948
7284-7665-3098-4968,28856
4845-9101-4296-9746,5475
6704-6452-2536-3164,26932
6797-8962-4064-4816,7476
9986-4714-7562-8755,3019
7054-3448-3995-2504,11726
1074-3061-6886-9775,13565
9267-1085-5261-2427,24553
1860-5390-1543-8024,13175
2273-2281-9416-4537,48683
4526-3129-8471-8725,18191
2939-9506-7671-7052,12168
4383-6712-7343-5996,-1230
4799-8760-4767-7954,26941
8094-8798-3498-8637,48380
5498-4756-8036-7359,23317
7011-3372-6571-7737,44723
1669-7840-9882-6551,1870
6208-8216-2075-5017,33972
6016-6328-8182-1999,24546
8901-6860-5648-3543,48219
6832-1504-2359-8994,24892
7594-2192-7666-7803,43748
5396-1665-7992-6653,34934
4603-3868-2344-4036,13091
2100-1900-2157-2245,43144
2708-2096-6956-7097,7715
6403-5315-1253-2216,41899
8500-1264-4161-3325,49034
5378-9908-3236-5618,34299
7891-8094-9843-3113,43079
4427-2227-2700-3968,20750
4373-5620-4938-3868,48498
6485-8327-2527-1267,48007
3212-7476-8874-5400,26301
8952-2935-6180-4072,45201
2553-9566-4078-5208,-265
5180-9483-6300-1245,10673
5417-2835-6969-7096,22971
5333-8047-6446-8537,17978
8374-8718-4673-8482,9191
9948-7422-4857-8021,31158
7866-5024-9322-6672,-802
1592-9433-8997-7838,17723
4845-7636-5736-2672,-3971
9766-2118-4856-8899,4598
1725-2653-6977-6098,968
7709-2815-5062-7969,39946
1905-6063-4749-7367,45542
2287-7068-9955-8861,33034
7570-3736-9483-3915,-1456
8302-2285-4051-2017,19556
5691-2055-2330-2670,12858
4509-1665-9262-6477,32095
8467-1659-4365-2546,23169
4975-9803-1162-7196,46145
2279-2059-9767-7185,11533
6793-7756-6409-5431,5278
9379-8752-2418-9431,-4485
9063-1317-1134-9714,20325
6512-1652-8861-4302,-3304
1349-7784-3215-3106,4807
4208-8785-5104-2444,15063
1623-5785-4475-8230,23677
5983-5318-1604-8799,39850
8261-9104-6002-3793,12697
4054-2152-9658-9264,12948
1713-1246-1570-6852,3835
1449-5056-4057-8711,24070
8479-2649-6441-2381,12792
9597-2176-1335-7596,28852
3504-8485-1969-3475,13636
8507-7699-2418-9903,915
9167-5827-1779-6367,10367
4628-3211-7751-6932,28639
5820-8324-8172-6149,21325
1375-5543-2512-4872,48060
5853-7762-2338-4573,21716
9021-9016-3093-5923,23137
2073-2118-7199-1364,44482
2285-6212-7686-3511,15889
6102-8670-5298-9612,9448
7189-8927-7050-2837,34906
8584-8565-8125-5256,17284
3056-5121-7381-3898,19706
6503-9366-4164-3716,790
1821-5502-4357-4000,1733
6104-3764-9928-5567,8698
1249-7488-9629-2201,27454
9697-9014-5492-6451,40839
1487-9382-1608-6053,25274
4809-4781-3115-8007,1526
5185-9065-9233-8788,31755
2105-2259-4815-1410,20831
3153-6576-4483-1859,38237
9858-4261-2179-4724,22584
4464-1255-3014-6331,-636
2424-7292-9736-5880,7819
9318-6519-8752-7610,3765
6096-3763-3506-7310,1862
8338-9279-2402-5163,25403
8837-5076-7627-1273,32326
7927-8297-8574-3013,2323
2288-6862-7856-4285,12569
3400-9543-2564-3273,-2750
5380-2794-8436-6046,5446
3314-8122-8840-6797,-3423
9430-9838-4603-6381,-3607
1921-9924-5829-2808,24969
5853-2226-4255-4998,43291
9984-6320-9675-9644,26034
5572-8094-4393-2410,23275
8925-4311-4864-6248,28048
9228-2847-3770-9111,19225
7957-2099-2340-2177,20512
3417-9826-9575-6516,2907
2922-8701-2948-1770,24015
2404-9773-4144-6343,18148
4127-5990-1236-6547,25635
8762-2018-7799-8542,-1885
2723-2169-5099-4200,44550
2952-7437-1121-2899,25962
9289-2660-2509-4939,43262
3862-1253-7554-9981,21698
2237-2868-8535-8247,36115
1066-1416-3076-4060,49716
3577-5563-9445-2646,8905
3203-1684-1966-6151,-2072
2888-2507-3974-5412,27906
9952-7119-5933-5651,36134
6656-9212-5743-8111,18927
4929-7164-3858-7580,44941
6520-1260-8668-3545,14742
2032-2017-1437-7985,13263
9042-3770-1408-6143,44646
1895-1851-9181-2729,22394
5548-1471-3909-3807,20092
9327-8188-5507-4242,5052
6968-4560-4994-8279,17662
5338-9909-6061-7552,37496
4368-9409-6391-5079,24617
7002-6905-6742-8426,28210
6267-9724-9618-1561,-1586
2791-4465-7147-4541,12117
1596-1434-9853-5255,15812
1094-4068-9404-8148,2480
1864-7468-1860-3771,48164
5616-5763-9325-9156,12244
3232-5866-6250-9033,43868
6205-5094-4748-1083,43782
6991-2263-5338-4234,36604
5463-9678-8316-2982,10560
7291-5398-5371-3135,41236
6351-4120-6669-4767,3238
1685-8031-7851-9749,10059
7157-6371-8322-6378,48335
2707-7467-5888-1265,1921
1329-6292-8651-8366,4758
9223-6381-1392-2158,16288
6175-1843-2993-1316,9163
4311-7928-4778-1914,3479
3311-5340-8936-6218,6049
3097-8744-4037-3622,1928
4529-9597-2128-4496,-637
9173-3209-8064-7840,45522
5533-1305-5838-9116,31667
2451-1718-2640-8957,1967
5266-4094-6645-9693,2206
2363-3102-1278-5432,95
2787-9118-4396-9541,3432
3790-3769-6211-4637,40291
9614-6932-7068-2225,12707
9493-7262-2938-5854,14449
7247-6345-1743-5847,-1244
6835-5851-3806-2501,44032
2874-5741-2396-8396,3702
8908-5616-2452-2396,45794
7818-2693-2763-1569,40931
4963-8511-3670-3954,24193
7923-3112-8437-4832,23085
8588-1802-2855-4558,24909
9817-2511-7214-8721,13531
5432-1084-9790-2504,48006
4049-2171-5404-1615,32379
7840-7486-7258-6597,12603
6377-7311-7095-1065,6926
8636-9146-3182-7437,7339
6051-5430-5359-6436,13948
6304-2555-5502-9161,31915
3801-2978-8256-1683,23287
7562-9721-4286-9261,42340
5044-7723-7010-4465,9099
8494-4124-3463-1837,46303
2711-9204-8940-7734,15496
8659-2119-9625-7739,32255
8201-6673-4160-2127,14415
3146-5408-9058-7825,29316
2512-9908-8545-5222,3809
6252-3055-3829-9044,-2279
5353-2113-3817-2965,38758
5027-8275-4420-8923,37466
9999-8881-8894-1181,4386
6576-3434-4376-6192,-2969
8413-6357-9198-8653,34295
4488-9982-3299-7342,4056
7058-8577-4665-6522,3572
9991-9943-3339-7726,25653
8735-3770-7200-2014,12031
9677-1372-2951-3439,1675
2398-3455-6766-9627,23862
6782-2445-6251-9784,10700
8703-9827-8186-3355,20430
8390-2547-6546-3560,41788
2809-8660-7961-5781,4790
7041-8847-9228-2980,688
7360-1034-5215-1295,40495
6268-3203-6767-4099,46272
9058-9289-6335-4243,31258
9109-7528-6929-5295,-961
5137-5204-4101-8318,6225
6738-1551-4061-7687,16527
1536-8437-6282-3533,16413
2847-6214-4875-4903,38996
7267-8908-6980-2980,-4788
5864-8281-2187-3727,30874
1273-6203-6895-9464,19624
6170-6649-3604-2252,-879
2914-2897-7850-9697,39177
8000-4709-8679-6255,33547
6439-5136-7573-6261,7216
8268-9221-1341-8656,16738
1195-7978-9104-6554,8450
2278-1580-3571-1685,29170
2628-1164-6615-7126,14927
5572-7402-2778-6496,737
4946-7309-5724-9467,20056
1199-2095-2538-4713,25583
6028-8482-6488-3219,-4315
5634-9865-7755-5906,42273
8646-6344-5166-3997,-704
5240-2509-7923-2455,4368
1866-7892-4352-6168,42506
1918-4070-4439-6186,9703
6352-4709-3986-7496,3464
8463-9698-3126-3895,49557
4342-2540-3687-5806,46158
6970-8543-8164-8410,38280
2163-6163-7057-2636,41902
5737-6166-1374-9639,2055
7707-5128-8186-2182,32440
1146-6869-3376-3666,26510
4937-4180-7646-2298,28574
7076-9722-3289-5567,1101
6980-7005-3954-7093,12146
2832-4766-8779-9697,42213
3583-8826-4128-3073,-2331
9064-3194-8686-9774,45928
9241-6706-6081-5893,12813
1994-5921-8372-8370,756
3076-8613-8708-2807,6952
6615-1614-6753-9614,43498
9140-1472-5053-7696,19939
9193-1816-5748-8227,24983
6660-1657-2488-3815,7893
5961-7428-8522-9612,33333
5126-3178-5683-7987,4711
1240-9110-8106-8705,613
1364-3102-2273-9908,46483
5344-9443-3453-2184,19367
5645-1309-6118-8625,3752
2977-5033-1904-9578,35029
2995-5513-2423-4746,28025
9197-4018-7252-5610,31137
7650-5368-7513-4572,28225
7013-4342-8171-6884,12813
6261-9656-6686-2947,19516
7704-7629-5601-6308,26235
9575-2189-1406-6142,37920
8984-5509-5100-9569,17781
4806-8430-7568-6608,30529
9666-9657-9530-1926,23475
1166-5073-6435-4135,49611
4875-7768-8674-2183,29486
4830-4625-1062-7182,7823
4076-8261-7888-1023,12325
7704-3701-7839-9472,14860
8115-8433-8211-4249,13833
7266-3285-7961-4817,1068
7611-4172-4167-8193,22134
8027-6595-6171-4661,28593
5316-9731-9262-9479,24158
2028-5481-3425-7129,24218
8207-3090-8558-3815,-3613
3115-6455-4103-7033,34119
1306-3319-3563-1647,43620
5544-1664-9111-9796,16684
1735-5620-2707-3660,32868
2950-3967-6272-3982,-1199
1326-6938-9941-9563,26548
9264-3794-2535-4094,13861
8115-5721-9380-7961,48283
5646-3513-6515-5040,39914
6380-2096-1586-9936,23677
1595-4388-7384-1512,5099
4292-9520-1255-2817,25224
9024-6849-9411-8180,7472
7557-1115-8948-7003,-2788
9596-3451-8836-7664,5343
8770-7273-7965-5827,18767
2462-3475-8913-2292,29469
