from,to
464,1
698,1
15,2
1303,3
1388,4
627,5
2007,5
2025,5
165,6
1071,6
1265,6
1413,6
1568,6
1623,6
1761,6
1810,6
1849,6
17,7
305,7
536,7
790,7
1315,7
1545,7
2022,7
1081,8
80,9
803,9
1291,9
1304,9
1413,9
1463,9
1619,9
1623,9
1761,9
1504,10
1590,10
866,11
1335,11
1434,12
18,13
1176,13
2032,13
2089,13
312,14
954,15
1099,15
1136,15
1796,15
1910,15
1062,16
1356,16
1370,16
1540,16
1595,16
282,17
291,17
295,17
445,17
536,17
612,17
685,17
712,17
914,17
989,17
1303,17
1616,17
1738,17
2002,17
2010,17
38,18
52,18
87,18
162,18
179,18
198,18
216,18
218,18
300,18
313,18
343,18
396,18
414,18
420,18
433,18
457,18
471,18
554,18
583,18
605,18
614,18
619,18
654,18
656,18
688,18
705,18
805,18
858,18
864,18
895,18
900,18
923,18
1016,18
1022,18
1027,18
1040,18
1054,18
1090,18
1160,18
1165,18
1168,18
1176,18
1232,18
1234,18
1269,18
1285,18
1386,18
1407,18
1421,18
1431,18
1473,18
1507,18
1571,18
1592,18
1639,18
1646,18
1655,18
1666,18
1677,18
1744,18
1760,18
1808,18
1815,18
1821,18
1875,18
1877,18
1963,18
2018,18
2024,18
2032,18
2077,18
2089,18
2108,18
78,19
689,19
841,19
891,19
1510,19
1648,19
689,20
1428,21
155,22
1403,22
32,23
232,23
1356,23
1952,23
2083,23
71,24
142,24
246,24
247,24
283,24
331,24
376,24
386,24
429,24
534,24
535,24
557,24
696,24
747,24
947,24
989,24
1119,24
1198,24
1356,24
1476,24
1496,24
1536,24
1660,24
1745,24
1748,24
1958,24
139,25
261,25
386,25
532,25
534,25
785,25
1001,25
214,26
257,26
1249,27
703,28
967,28
429,29
1198,29
312,30
1253,30
104,31
172,31
187,31
209,31
274,31
281,31
306,31
402,31
408,31
434,31
543,31
664,31
860,31
936,31
977,31
1012,31
1024,31
1108,31
1110,31
1121,31
1245,31
1318,31
1400,31
1495,31
1518,31
1520,31
1577,31
1612,31
1707,31
1804,31
1807,31
1857,31
1890,31
1908,31
2007,31
2009,31
2070,31
53,32
153,32
199,32
205,32
232,32
234,32
280,32
394,32
476,32
516,32
557,32
593,32
619,32
734,32
764,32
817,32
820,32
857,32
874,32
888,32
896,32
943,32
1006,32
1106,32
1166,32
1328,32
1356,32
1444,32
1496,32
1536,32
1558,32
1572,32
1619,32
1661,32
1699,32
1738,32
1747,32
1800,32
1827,32
1840,32
1890,32
1952,32
1968,32
2016,32
2083,32
511,33
1554,34
1154,35
523,36
1733,36
780,37
80,38
179,38
274,38
540,38
587,38
609,38
619,38
652,38
720,38
806,38
842,38
851,38
913,38
945,38
1251,38
1360,38
1397,38
1431,38
1654,38
1808,38
1917,38
1976,38
2073,38
2093,38
2094,38
1850,39
492,40
594,40
842,40
1041,40
1167,40
1215,40
1158,41
1472,42
722,43
489,44
715,44
56,45
255,45
763,45
828,45
1519,45
484,46
265,47
617,47
648,47
896,47
1219,47
1264,47
614,48
54,49
80,49
135,49
477,49
747,49
803,49
1122,49
1485,49
1584,49
1619,49
1889,49
87,50
109,50
143,50
192,50
224,50
271,50
277,50
302,50
324,50
336,50
343,50
361,50
395,50
396,50
414,50
420,50
424,50
497,50
523,50
540,50
594,50
624,50
634,50
641,50
652,50
656,50
689,50
708,50
714,50
826,50
831,50
865,50
900,50
935,50
959,50
998,50
1022,50
1023,50
1027,50
1034,50
1040,50
1041,50
1054,50
1074,50
1090,50
1139,50
1167,50
1170,50
1183,50
1196,50
1230,50
1288,50
1301,50
1324,50
1376,50
1379,50
1473,50
1476,50
1500,50
1540,50
1571,50
1605,50
1636,50
1640,50
1646,50
1677,50
1690,50
1730,50
1757,50
1826,50
1877,50
1941,50
2008,50
2016,50
2026,50
2048,50
2053,50
2081,50
2089,50
1437,51
218,52
420,52
605,52
619,52
1027,52
1176,52
1404,52
1666,52
1808,52
1826,52
1980,52
2032,52
394,53
619,53
1356,53
1444,53
1738,53
1890,53
2083,53
294,54
477,54
637,54
826,54
1045,54
1049,54
1062,54
1119,54
1122,54
1190,54
1356,54
1485,54
1560,54
1780,54
1889,54
1643,55
138,56
306,56
378,56
423,56
472,56
495,56
610,56
740,56
751,56
985,56
1031,56
1297,56
1378,56
1400,56
1568,56
1687,56
1778,56
1808,56
228,57
294,57
408,57
547,57
747,57
946,57
968,57
989,57
1449,57
1593,57
1671,57
1780,57
1889,57
1950,57
2007,57
80,58
358,58
450,58
489,58
504,58
513,58
529,58
587,58
803,58
842,58
941,58
944,58
950,58
956,58
982,58
988,58
1155,58
1175,58
1206,58
1290,58
1378,58
1449,58
1537,58
1878,58
1902,58
2027,58
552,59
292,60
1215,60
865,61
1588,62
1801,62
155,63
715,63
1012,63
1977,63
188,64
612,64
908,64
828,65
1024,65
1115,65
1138,65
1723,65
523,66
1838,66
1201,67
1824,68
511,69
1759,70
534,71
1093,71
1198,71
1353,71
1858,71
367,72
749,73
1292,73
408,74
206,75
409,75
441,75
902,75
970,75
1006,75
1036,75
1046,75
1184,75
1618,75
1789,75
168,76
734,76
939,76
1069,76
1122,76
1502,76
1796,76
1910,76
1958,76
747,77
891,78
277,79
120,80
225,80
247,80
270,80
277,80
359,80
386,80
394,80
397,80
436,80
450,80
587,80
609,80
618,80
653,80
712,80
721,80
806,80
849,80
850,80
897,80
913,80
982,80
1007,80
1100,80
1149,80
1206,80
1290,80
1356,80
1384,80
1419,80
1439,80
1537,80
1623,80
1773,80
1786,80
1820,80
1824,80
1850,80
1866,80
1902,80
2096,80
2097,80
108,81
335,81
1682,81
2039,81
201,82
217,82
1708,82
559,83
1019,83
1373,83
1006,84
1471,84
821,85
1519,85
2090,85
279,86
1326,86
185,87
218,87
605,87
619,87
1027,87
1176,87
1404,87
1666,87
1808,87
1826,87
1980,87
2032,87
2108,87
703,88
929,88
967,88
1659,88
1404,89
229,90
295,90
318,90
371,90
429,90
464,90
483,90
557,90
698,90
992,90
1312,90
1440,90
1450,90
1727,90
1810,90
2097,90
451,91
374,92
368,93
570,93
650,93
775,93
982,93
1033,93
1178,93
1537,93
1590,94
186,95
259,95
342,95
351,95
502,95
600,95
654,95
930,95
942,95
967,95
1098,95
1195,95
1203,95
1451,95
1539,95
1599,95
1843,95
764,96
1536,96
1166,97
141,98
292,98
495,98
1962,98
155,99
402,99
495,100
1469,100
849,101
2097,101
939,102
947,102
1486,102
1513,102
224,103
2008,103
214,104
1301,104
1544,104
1857,104
986,105
1383,105
286,106
422,106
2078,107
214,108
277,109
343,109
708,109
826,109
1034,109
1196,109
1301,109
1376,109
1476,109
1500,109
1640,109
2008,109
2016,109
1123,110
2073,110
1673,111
462,112
473,112
930,112
1694,113
883,114
1078,114
1871,114
247,115
1129,115
1254,115
619,116
1121,117
2072,117
1218,118
1673,118
740,119
1849,119
605,120
982,120
987,120
1127,120
1392,120
1537,120
1850,120
1871,120
1928,120
2097,120
137,121
155,121
441,121
775,121
896,121
993,121
1046,121
1215,122
1263,123
1608,123
295,124
371,124
429,124
464,124
483,124
557,124
698,124
707,124
992,124
1071,124
1312,124
1657,124
1727,124
1810,124
1967,124
2045,124
2097,124
1814,125
253,126
305,126
649,126
760,126
1165,126
1206,126
1544,126
1793,126
555,127
734,127
1194,127
1457,127
1958,127
294,128
317,128
1024,128
1291,128
1761,128
1849,129
1041,130
1551,130
1645,130
518,131
1226,131
1347,131
912,132
1615,133
1892,133
783,134
1198,134
1186,135
1197,135
1662,135
286,136
922,136
206,137
277,137
352,137
409,137
441,137
500,137
902,137
970,137
982,137
1036,137
1046,137
1067,137
1184,137
1537,137
1618,137
1789,137
1850,137
1778,138
853,139
209,140
274,140
842,140
1245,140
968,142
989,142
1755,142
1825,142
351,143
356,143
394,143
465,143
540,143
591,143
594,143
619,143
634,143
652,143
694,143
714,143
784,143
889,143
960,143
1054,143
1167,143
1209,143
1236,143
1237,143
1487,143
1636,143
1730,143
1738,143
1852,143
1890,143
1920,143
2053,143
368,144
678,145
373,146
1095,146
1442,146
1599,146
689,147
372,148
451,149
716,149
867,149
1073,149
1354,149
224,150
1076,150
1778,150
547,151
1434,151
259,152
370,152
876,152
1656,152
394,153
619,153
943,153
1356,153
1444,153
1581,153
1738,153
1890,153
2083,153
646,154
1334,154
1817,154
1971,154
1992,154
169,155
173,155
220,155
246,155
268,155
284,155
306,155
320,155
343,155
352,155
364,155
393,155
402,155
415,155
464,155
500,155
598,155
614,155
641,155
722,155
729,155
824,155
871,155
890,155
913,155
978,155
985,155
993,155
1046,155
1056,155
1067,155
1082,155
1097,155
1110,155
1124,155
1127,155
1179,155
1184,155
1301,155
1347,155
1388,155
1470,155
1491,155
1612,155
1702,155
1703,155
1805,155
1807,155
1822,155
1890,155
1905,155
1908,155
1944,155
2007,155
2072,155
169,156
766,157
1483,157
594,158
2057,158
2081,159
987,160
1850,160
372,161
974,161
1167,161
2053,161
864,162
1027,162
1176,162
2032,162
1154,163
914,164
1889,164
253,165
386,165
411,165
482,165
513,165
593,165
821,165
1001,165
1253,165
1274,165
1291,165
1489,165
1496,165
1536,165
1537,165
1542,165
1568,165
1579,165
1623,165
1696,165
1761,165
1849,165
1913,165
2083,165
367,166
397,167
1566,167
1718,167
307,168
734,168
939,168
986,168
1122,168
1305,168
1485,168
1796,168
1889,168
1910,168
1950,168
1958,168
371,169
599,169
740,169
880,169
896,169
906,169
938,169
1025,169
1076,169
1097,169
1301,169
1488,169
1579,169
1804,169
1849,169
2061,169
996,170
1836,170
1986,170
509,171
605,171
1249,171
1480,171
255,172
608,172
1630,172
1804,172
977,173
647,174
884,175
1071,175
1180,175
1523,175
1623,175
619,176
1041,176
1551,176
1645,176
896,177
1316,177
623,178
837,178
223,179
246,179
248,179
343,179
386,179
448,179
543,179
605,179
609,179
614,179
619,179
647,179
658,179
698,179
861,179
873,179
1299,179
1360,179
1431,179
1489,179
1495,179
1524,179
1544,179
1579,179
1654,179
1808,179
1892,179
1939,179
1990,179
402,180
1013,181
286,182
634,183
1610,183
1492,184
209,185
420,185
654,185
656,185
805,185
864,185
1022,185
1040,185
1090,185
1160,185
1269,185
1386,185
1473,185
1571,185
1646,185
2018,185
2089,185
983,187
1516,187
1857,187
1890,187
241,188
248,188
908,188
1392,188
1596,188
1935,188
511,189
801,190
982,190
1175,190
1211,190
1274,190
1537,190
1958,190
1129,191
277,192
343,192
708,192
826,192
1034,192
1301,192
1324,192
1476,192
1500,192
1640,192
2016,192
242,193
634,193
1379,193
1916,193
689,194
511,195
319,196
1172,196
1631,196
1824,196
1847,196
1903,196
306,197
1024,197
1291,197
1533,197
1621,197
1623,197
1660,197
1810,197
1849,197
1866,197
1919,197
218,198
480,198
605,198
864,198
1090,198
1165,198
1176,198
1404,198
1666,198
394,199
619,199
1356,199
1738,199
1890,199
2083,199
1955,200
392,201
1708,201
1502,202
234,203
330,203
557,203
610,203
896,203
1006,203
1020,203
1496,203
1968,203
291,204
1303,204
1382,204
1444,204
2050,204
441,206
775,206
970,206
993,206
1789,206
1817,206
1152,207
1414,207
1643,207
312,208
1253,208
1913,208
2022,208
2105,208
306,209
385,209
464,209
715,209
913,209
1048,209
1121,209
1143,209
1400,209
1494,209
1857,209
1890,209
1911,209
1944,209
2072,209
2076,209
2063,210
513,211
1878,211
1554,212
565,213
619,213
1309,213
1518,213
219,214
253,214
305,214
447,214
760,214
887,214
952,214
1106,214
1165,214
1206,214
1430,214
1478,214
1535,214
1544,214
1682,214
1707,214
1793,214
1812,214
1898,214
2039,214
332,215
218,216
239,216
605,216
619,216
864,216
1027,216
1176,216
1196,216
1269,216
1404,216
1666,216
1808,216
1826,216
1980,216
2018,216
2024,216
2032,216
446,217
675,217
914,217
1415,217
1737,217
1749,217
294,218
317,218
343,218
420,218
543,218
583,218
654,218
656,218
864,218
900,218
1022,218
1027,218
1040,218
1090,218
1160,218
1168,218
1232,218
1285,218
1386,218
1421,218
1473,218
1507,218
1571,218
1646,218
1677,218
1744,218
1808,218
1877,218
1889,218
1990,218
2018,218
2085,218
2089,218
2108,218
253,219
305,219
760,219
1165,219
1206,219
1793,219
1812,219
1850,221
1230,222
246,223
251,223
386,223
619,223
658,223
698,223
1087,223
1489,223
1537,223
1579,223
1666,223
1808,223
1915,223
1939,223
1998,223
2072,223
2093,223
277,224
343,224
601,224
708,224
826,224
865,224
1034,224
1196,224
1282,224
1297,224
1301,224
1376,224
1476,224
1483,224
1500,224
1640,224
1778,224
2008,224
2016,224
722,225
996,225
1425,225
1906,225
1932,225
311,226
511,226
676,226
776,226
1351,226
2069,226
464,227
1056,227
1220,227
1698,227
1702,227
1671,228
291,229
472,229
483,229
586,229
719,229
769,229
853,229
1382,229
1450,229
1543,229
1781,229
1931,229
1946,229
476,230
2042,231
394,232
476,232
619,232
1356,232
1444,232
1738,232
1890,232
2083,232
1261,233
360,234
362,234
757,234
1138,234
1496,234
1968,234
1568,235
430,236
1817,236
360,237
547,237
637,237
1601,237
1638,237
1660,238
1090,239
1801,240
386,241
1935,241
253,242
362,242
521,242
525,242
543,242
614,242
619,242
647,242
698,242
823,242
840,242
911,242
1130,242
1290,242
1361,242
1379,242
1428,242
1431,242
1509,242
1518,242
1587,242
1601,242
1666,242
1707,242
1717,242
1804,242
1857,242
1862,242
1936,242
1955,242
2045,242
2047,242
342,243
523,244
1041,244
1211,244
1910,244
912,245
1014,245
1761,245
2083,245
262,246
306,246
393,246
443,246
464,246
494,246
833,246
893,246
913,246
989,246
1021,246
1301,246
1489,246
1494,246
1518,246
1533,246
1579,246
1745,246
1822,246
1837,246
1882,246
1939,246
1980,246
2025,246
296,247
310,247
314,247
418,247
475,247
547,247
632,247
637,247
897,247
986,247
1101,247
1122,247
1125,247
1129,247
1254,247
1356,247
1363,247
1582,247
1601,247
1960,247
1968,247
861,248
908,248
1596,248
378,249
1212,249
1618,250
454,251
793,251
880,251
1006,251
1590,251
1745,251
1761,251
1825,251
2072,251
559,252
1198,252
1319,252
305,253
362,253
447,253
513,253
603,253
760,253
952,253
1024,253
1165,253
1206,253
1253,253
1274,253
1291,253
1314,253
1377,253
1544,253
1578,253
1686,253
1754,253
1793,253
1797,253
1810,253
1812,253
1849,253
1857,253
1898,253
1913,253
2028,253
2047,253
320,254
715,254
1052,254
1163,254
1388,254
1405,254
1494,254
1890,254
2072,254
527,255
1804,255
259,256
1947,256
464,257
750,257
619,258
1041,258
1551,258
1645,258
302,259
309,259
326,259
343,259
351,259
458,259
495,259
551,259
607,259
610,259
661,259
740,259
814,259
822,259
967,259
985,259
1044,259
1080,259
1141,259
1222,259
1252,259
1365,259
1378,259
1568,259
1599,259
1695,259
1720,259
1770,259
1808,259
1881,259
1956,259
2031,259
2036,259
619,260
1041,260
1551,260
1645,260
2097,261
985,262
1378,262
1808,262
480,263
1785,263
1486,264
617,265
1219,265
1264,265
710,266
1784,266
1876,267
641,268
1018,268
1582,269
277,270
386,270
394,270
397,270
407,270
982,270
1378,270
1537,270
1850,270
2097,270
523,271
2003,271
1270,272
1579,272
1483,273
2006,273
281,274
842,274
1245,274
1271,274
1544,274
1654,274
1707,274
1890,274
2096,274
458,275
1201,276
324,277
336,277
343,277
361,277
386,277
424,277
497,277
624,277
708,277
826,277
831,277
865,277
944,277
959,277
982,277
987,277
998,277
1023,277
1034,277
1074,277
1149,277
1170,277
1196,277
1230,277
1288,277
1301,277
1324,277
1376,277
1378,277
1476,277
1500,277
1540,277
1605,277
1640,277
1690,277
1757,277
1799,277
1824,277
1826,277
1850,277
1866,277
2008,277
2016,277
2026,277
2048,277
2081,277
2097,277
408,278
1028,278
1197,278
1449,278
288,279
419,279
563,279
672,279
870,279
973,279
1092,279
1192,279
1326,279
1573,279
1594,279
394,280
619,280
1166,280
1356,280
1738,280
1890,280
2083,280
1245,281
1518,281
1890,281
1545,282
358,283
1356,283
1601,283
2091,283
1470,284
1754,285
1810,285
2007,285
351,286
369,286
422,286
508,286
791,286
804,286
864,286
1472,286
1599,286
2049,286
2054,286
302,287
1326,288
1130,289
614,290
295,291
325,291
586,291
612,291
668,291
846,291
1031,291
1303,291
1341,291
1382,291
1517,291
1709,291
1738,291
1867,291
1946,291
2095,291
1215,292
1379,293
317,294
408,294
747,294
751,294
826,294
837,294
839,294
946,294
989,294
1010,294
1051,294
1062,294
1186,294
1205,294
1305,294
1356,294
1434,294
1485,294
1566,294
1586,294
1593,294
1637,294
1660,294
1662,294
1671,294
1751,294
1889,294
371,295
372,295
386,295
429,295
464,295
483,295
536,295
557,295
562,295
612,295
668,295
698,295
708,295
712,295
992,295
1031,295
1292,295
1303,295
1312,295
1727,295
1738,295
1810,295
2010,295
2045,295
2097,295
712,296
1129,296
386,297
448,297
582,297
755,297
1408,297
1489,297
1427,298
1405,299
420,300
824,300
913,300
1400,300
1518,300
1707,300
1857,300
499,301
1044,301
343,302
495,302
592,302
594,302
610,302
634,302
689,302
714,302
740,302
870,302
940,302
985,302
1041,302
1167,302
1310,302
1365,302
1378,302
1381,302
1424,302
1568,302
1720,302
1730,302
1770,302
1787,302
1808,302
1495,303
1198,304
447,305
460,305
536,305
611,305
760,305
887,305
918,305
920,305
952,305
1028,305
1031,305
1165,305
1206,305
1321,305
1525,305
1535,305
1544,305
1545,305
1547,305
1775,305
1793,305
1812,305
1969,305
2002,305
2022,305
378,306
423,306
464,306
472,306
495,306
518,306
540,306
610,306
657,306
722,306
740,306
751,306
871,306
913,306
985,306
1031,306
1107,306
1293,306
1362,306
1378,306
1400,306
1443,306
1533,306
1568,306
1651,306
1654,306
1660,306
1768,306
1807,306
1808,306
1890,306
1919,306
1940,306
1997,306
2007,306
2072,306
555,307
734,307
939,307
1120,307
1482,307
1502,307
1796,307
1910,307
1958,307
614,308
1695,309
574,310
808,310
826,310
1083,310
1172,310
1202,310
1356,310
1456,310
1526,310
1638,310
1662,310
1780,310
1859,310
1908,310
2111,310
511,311
383,312
482,312
585,312
746,312
879,312
976,312
1845,312
1990,312
2022,312
864,313
1027,313
1176,313
1666,313
1980,313
2032,313
1122,314
1331,314
1395,314
1582,314
1968,314
2093,314
1307,315
915,316
1849,316
850,317
1586,317
2097,317
464,320
1163,320
1301,320
1388,320
1890,320
2072,320
703,321
967,321
1156,321
1636,322
564,323
1750,323
343,324
708,324
826,324
1034,324
1301,324
1476,324
1500,324
1640,324
2016,324
1770,326
740,327
600,328
631,328
677,328
706,328
1098,328
1203,328
1385,328
1454,328
1554,328
1565,328
1706,328
1726,328
1961,328
1444,329
1020,330
1536,330
436,331
547,331
611,331
723,331
989,331
1126,331
1144,331
1465,331
462,332
464,332
698,332
927,332
930,332
1167,332
1302,332
1454,332
1731,332
1904,332
1965,332
1841,333
619,334
1008,334
1041,334
1447,334
1544,334
1551,334
1554,334
1645,334
1770,334
1973,334
343,336
708,336
826,336
1034,336
1301,336
1476,336
1500,336
1640,336
1762,336
2008,336
2016,336
2088,337
1172,338
1924,339
2042,340
768,341
1801,341
690,342
1164,342
1203,342
1447,342
1472,342
1554,342
1730,342
1770,342
1843,342
2057,342
361,343
424,343
497,343
543,343
605,343
609,343
610,343
614,343
619,343
624,343
698,343
708,343
826,343
831,343
865,343
959,343
985,343
998,343
1023,343
1034,343
1074,343
1170,343
1196,343
1230,343
1288,343
1301,343
1324,343
1360,343
1376,343
1476,343
1500,343
1540,343
1605,343
1640,343
1666,343
1673,343
1690,343
1757,343
1777,343
1808,343
1826,343
1850,343
1871,343
1892,343
2008,343
2016,343
2026,343
2048,343
2081,343
2085,343
464,344
1400,344
1378,345
486,346
491,346
1404,347
1807,347
725,348
1454,348
1681,349
408,350
561,350
696,350
826,350
875,350
1122,350
1197,350
1485,350
1885,350
1889,350
2094,350
356,351
373,351
465,351
502,351
591,351
619,351
694,351
784,351
889,351
942,351
1196,351
1209,351
1451,351
1487,351
1498,351
1599,351
1846,351
1852,351
1890,351
441,352
500,352
775,352
993,352
1805,352
1031,353
1312,353
1796,354
1910,354
357,355
1532,355
2097,355
1209,356
1959,357
529,358
751,358
989,358
1313,358
1356,358
1449,358
1889,358
2091,358
731,359
1007,359
1123,359
1206,359
1378,359
1749,359
2073,359
408,360
968,360
1601,360
1958,360
708,361
826,361
865,361
1034,361
1196,361
1301,361
1476,361
1500,361
1640,361
2008,361
2016,361
757,362
764,362
1290,362
1496,362
1601,362
1637,362
1732,362
1739,362
1804,362
1857,362
1936,362
2045,362
2047,362
1850,363
1491,364
1977,364
2042,365
2066,366
1206,367
1417,367
1547,367
1793,367
1820,367
570,368
812,368
993,368
1033,368
1591,368
1047,370
1141,370
1493,370
372,371
429,371
464,371
476,371
483,371
557,371
698,371
740,371
880,371
992,371
1025,371
1070,371
1233,371
1292,371
1312,371
1376,371
1432,371
1579,371
1657,371
1727,371
1778,371
1810,371
1812,371
1970,371
2006,371
2045,371
2097,371
464,372
483,372
557,372
587,372
698,372
840,372
951,372
974,372
992,372
1217,372
1312,372
1620,372
1740,372
1809,372
1810,372
1991,372
2045,372
2097,372
492,373
864,373
1095,373
1442,373
1599,373
2079,373
714,374
778,375
982,375
1034,375
1182,375
1277,375
1431,375
1458,375
1684,375
1502,376
1336,377
2078,377
423,378
472,378
495,378
518,378
610,378
657,378
740,378
751,378
985,378
1031,378
1107,378
1212,378
1277,378
1293,378
1378,378
1400,378
1443,378
1568,378
1651,378
1808,378
1940,378
1997,378
1850,379
514,380
1643,381
632,382
712,382
1253,383
1846,384
695,385
913,385
1121,385
1626,385
1890,385
2062,385
394,386
397,386
448,386
450,386
482,386
612,386
712,386
944,386
982,386
1006,386
1007,386
1031,386
1175,386
1198,386
1206,386
1225,386
1256,386
1290,386
1299,386
1378,386
1399,386
1440,386
1537,386
1579,386
1738,386
1745,386
1850,386
2097,386
574,387
634,388
967,388
1011,388
1162,388
1164,388
1539,388
1941,388
1745,389
1801,390
1819,391
402,393
464,393
985,393
1301,393
1672,393
1702,393
1890,393
2072,393
476,394
516,394
619,394
795,394
817,394
820,394
857,394
874,394
888,394
943,394
982,394
1149,394
1166,394
1185,394
1225,394
1294,394
1328,394
1356,394
1378,394
1444,394
1558,394
1572,394
1661,394
1738,394
1747,394
1800,394
1824,394
1827,394
1840,394
1850,394
1866,394
1890,394
1952,394
2083,394
2097,394
1167,395
864,396
1027,396
1176,396
1877,396
2032,396
741,397
944,397
1103,397
1206,397
1276,397
1537,397
1566,397
1841,397
1892,397
1913,397
2097,397
1489,398
1596,398
1447,399
896,400
1433,401
464,402
596,402
722,402
860,402
871,402
909,402
913,402
936,402
977,402
1012,402
1122,402
1180,402
1204,402
1271,402
1404,402
1518,402
1609,402
1707,402
1768,402
1917,402
1977,402
2007,402
519,403
1347,404
1199,405
653,406
1850,407
475,408
485,408
648,408
696,408
751,408
790,408
807,408
826,408
850,408
1024,408
1028,408
1245,408
1305,408
1513,408
1582,408
1780,408
1817,408
1830,408
1872,408
1889,408
1936,408
1950,408
441,409
775,409
896,409
993,409
1817,409
1850,409
534,410
546,410
1928,410
800,411
996,411
1233,411
1291,411
1425,411
1445,411
1810,411
1836,411
1932,411
557,412
2045,412
639,413
654,414
1027,414
1176,414
1666,414
1808,414
1980,414
2032,414
1283,416
1153,417
1808,417
542,418
637,418
743,418
989,418
1437,418
1819,418
1825,418
1884,418
471,420
583,420
605,420
619,420
654,420
656,420
1027,420
1054,420
1176,420
1196,420
1404,420
1507,420
1646,420
1666,420
1808,420
1821,420
1826,420
1877,420
1963,420
1980,420
2032,420
2089,420
619,421
647,421
1215,421
1544,421
1808,421
1962,421
1505,422
472,423
495,423
610,423
740,423
751,423
985,423
1031,423
1071,423
1378,423
1400,423
1568,423
1808,423
708,424
826,424
1034,424
1196,424
1301,424
1476,424
1500,424
1640,424
2008,424
2016,424
1643,425
487,426
1013,426
1350,427
1363,427
1883,427
430,428
775,428
1817,428
1992,428
464,429
483,429
557,429
623,429
698,429
717,429
968,429
992,429
1144,429
1312,429
1450,429
1560,429
1566,429
1727,429
1810,429
2045,429
2097,429
975,430
811,431
852,431
1043,431
1066,431
1178,431
678,432
1027,433
1176,433
1666,433
1877,433
2032,433
464,434
543,434
1477,434
1895,434
1228,435
1431,435
647,436
982,436
1206,436
1290,436
1850,436
722,437
1233,437
622,438
1350,438
1518,438
1707,438
1883,438
2028,438
1345,439
1948,439
1146,440
775,441
896,441
902,441
970,441
1013,441
1036,441
1046,441
1067,441
1184,441
1545,441
1618,441
1753,441
1789,441
1817,441
1850,441
504,442
634,443
1489,443
1939,443
661,444
742,444
1610,444
2032,444
712,445
1559,445
1738,445
914,446
1031,446
1737,446
1776,446
649,447
760,447
952,447
1165,447
1206,447
1544,447
1793,447
1812,447
1669,448
1959,448
959,449
850,450
977,450
1314,450
1352,450
1824,450
1863,450
2097,450
511,451
1253,452
1845,452
1081,453
601,454
815,454
821,454
880,454
1135,454
1282,454
2072,454
1113,455
597,456
1673,456
864,457
1027,457
1176,457
2032,457
819,458
1656,458
1695,458
1927,458
1326,459
529,460
1545,460
1593,460
1783,460
1912,461
464,462
621,462
698,462
727,462
761,462
835,462
930,462
1167,462
1296,462
1375,462
1454,462
1694,462
1731,462
1225,463
483,464
484,464
486,464
543,464
557,464
664,464
698,464
715,464
722,464
733,464
750,464
930,464
985,464
992,464
1012,464
1081,464
1167,464
1220,464
1226,464
1292,464
1301,464
1312,464
1447,464
1454,464
1518,464
1575,464
1650,464
1681,464
1707,464
1716,464
1727,464
1731,464
1810,464
1822,464
1857,464
1890,464
1908,464
1912,464
1944,464
1948,464
2045,464
2072,464
2097,464
694,465
1248,465
698,466
848,466
592,467
1142,467
1989,468
2052,468
642,469
665,469
1309,469
1495,469
1591,470
1027,471
1176,471
1980,471
2032,471
495,472
518,472
610,472
685,472
740,472
769,472
853,472
985,472
1031,472
1107,472
1293,472
1378,472
1382,472
1400,472
1443,472
1568,472
1651,472
1808,472
1940,472
1997,472
515,474
1861,474
547,475
989,475
1825,475
2035,475
516,476
584,476
619,476
1025,476
1106,476
1328,476
1356,476
1444,476
1488,476
1738,476
1890,476
1952,476
2083,476
1560,477
1127,478
565,479
625,479
1079,479
1309,479
1346,479
1495,479
1554,480
561,481
875,481
1640,481
612,482
1246,482
1256,482
1489,482
1940,482
557,483
657,483
698,483
957,483
992,483
1292,483
1312,483
1352,483
1450,483
1727,483
1810,483
2045,483
698,484
930,484
1081,484
1167,484
1454,484
1731,484
1736,484
559,485
1045,485
1122,485
491,486
861,486
738,487
852,487
958,487
1013,487
1462,487
1545,487
1817,487
1554,488
687,489
1383,489
1786,489
614,490
641,490
1174,490
1210,490
1257,490
1750,490
861,491
1488,491
495,493
1951,493
518,495
610,495
657,495
740,495
751,495
818,495
837,495
985,495
1031,495
1107,495
1122,495
1140,495
1293,495
1310,495
1365,495
1378,495
1400,495
1443,495
1568,495
1651,495
1720,495
1732,495
1770,495
1780,495
1808,495
1811,495
1940,495
1997,495
1292,496
708,497
826,497
865,497
1034,497
1196,497
1301,497
1476,497
1500,497
1640,497
1690,497
2016,497
1134,498
1346,498
775,500
970,500
993,500
1036,500
1046,500
1067,500
1789,500
1805,500
1817,500
896,501
960,502
1163,502
1196,502
594,503
513,504
764,505
896,505
1207,505
1363,505
1496,505
1818,505
1225,506
648,507
1363,507
888,510
739,511
790,511
1315,511
1467,511
1802,511
2021,511
2082,511
908,512
664,513
782,513
1383,513
1568,513
1772,513
1810,513
1849,513
1878,513
1882,513
1977,513
2047,513
2091,513
781,514
844,514
1227,514
1926,514
2062,514
1861,515
619,516
1356,516
1444,516
1738,516
1890,516
2083,516
718,517
1454,517
610,518
740,518
751,518
985,518
1031,518
1378,518
1400,518
1402,518
1568,518
1808,518
1451,519
1667,519
1006,520
1020,520
522,521
634,521
1324,521
1379,521
1428,521
1717,521
1379,522
1782,522
540,523
689,523
1113,523
1183,523
1733,523
1787,523
2003,523
532,524
586,524
1946,524
634,525
1343,525
1379,525
1916,525
619,526
1041,526
1551,526
1645,526
828,527
1166,528
1028,529
1449,529
1525,529
1515,530
1768,530
605,531
1247,531
1480,531
1945,531
1382,532
561,533
1129,533
1690,533
548,534
612,534
712,534
1031,534
1356,534
1369,534
1512,534
1600,534
1617,534
1738,534
712,536
1028,536
1031,536
1303,536
1654,536
1660,536
1866,536
587,537
678,538
934,539
1807,539
594,540
634,540
689,540
714,540
752,540
1008,540
1041,540
1250,540
1251,540
1533,540
1599,540
1654,540
1730,540
2053,540
1750,541
1099,542
609,543
850,543
1431,543
1654,543
1719,543
1893,543
634,544
1502,545
1643,545
1392,546
1401,546
1617,546
558,547
747,547
989,547
1475,547
1660,547
1859,547
715,549
1012,549
1383,549
1537,550
607,551
1695,551
1086,552
1715,552
1955,552
881,553
1908,553
1027,554
1176,554
1666,554
1877,554
1980,554
2032,554
1666,556
1755,556
1825,556
2030,556
593,557
610,557
698,557
710,557
760,557
764,557
896,557
925,557
992,557
1006,557
1133,557
1268,557
1292,557
1312,557
1354,557
1433,557
1496,557
1536,557
1543,557
1590,557
1635,557
1727,557
1784,557
1810,557
1819,557
2016,557
2045,557
2056,557
2080,557
2097,557
747,558
1035,558
1574,558
1901,558
639,559
691,559
1319,559
1356,559
1434,559
1662,559
1780,559
1502,560
696,561
875,561
1597,561
2094,561
1312,562
917,564
1495,565
861,566
953,566
1324,566
1731,566
1785,566
1263,567
1978,567
1970,568
1277,569
1537,569
1666,569
1893,569
775,570
852,570
2008,571
614,572
619,573
1041,573
1171,573
1398,573
1544,573
1551,573
1645,573
1824,574
1914,574
798,575
1536,575
1543,575
703,576
967,576
1996,576
761,577
1388,578
1390,578
1977,579
614,580
1845,581
1074,582
605,583
1027,583
1176,583
1196,583
1404,583
1507,583
1666,583
1808,583
1980,583
2032,583
880,584
912,584
1052,584
1390,584
1463,584
1579,584
1779,584
1253,585
816,586
1303,586
1382,586
1444,586
1873,586
1979,586
636,587
675,587
832,587
840,587
937,587
1007,587
1206,587
1367,587
1602,587
1676,587
1688,587
1801,587
1850,587
2012,587
614,588
641,588
1099,589
1796,589
1819,589
1354,590
619,591
1890,591
1142,592
2053,592
896,593
1496,593
1504,593
1536,593
1968,593
2016,593
635,594
813,594
1157,594
1248,594
1710,594
1713,594
1730,594
1808,594
2057,594
2066,594
1594,595
1673,597
855,598
2007,598
858,600
1022,600
1203,600
1843,600
2032,600
2086,600
2089,600
1297,601
1483,601
1519,601
1778,601
1081,602
1544,603
1793,603
1995,603
897,604
609,605
654,605
656,605
698,605
764,605
783,605
864,605
900,605
985,605
1022,605
1040,605
1090,605
1160,605
1168,605
1188,605
1231,605
1232,605
1285,605
1386,605
1392,605
1421,605
1431,605
1473,605
1507,605
1571,605
1646,605
1654,605
1666,605
1673,605
1677,605
1696,605
1707,605
1744,605
1808,605
1877,605
1928,605
2018,605
2062,605
2089,605
2108,605
1121,606
822,607
1804,608
614,609
619,609
658,609
698,609
803,609
861,609
1163,609
1203,609
1211,609
1431,609
1509,609
1557,609
1654,609
1666,609
1730,609
1808,609
1892,609
1977,609
640,610
657,610
740,610
751,610
966,610
985,610
1020,610
1031,610
1107,610
1111,610
1172,610
1293,610
1310,610
1365,610
1378,610
1400,610
1443,610
1471,610
1496,610
1536,610
1568,610
1590,610
1651,610
1720,610
1732,610
1770,610
1808,610
1811,610
1940,610
1968,610
1997,610
1545,611
712,612
914,612
1031,612
1303,612
1525,612
1738,612
2010,612
658,613
1808,613
619,614
647,614
698,614
730,614
861,614
890,614
995,614
1005,614
1015,614
1064,614
1105,614
1174,614
1210,614
1257,614
1267,614
1346,614
1347,614
1360,614
1431,614
1463,614
1466,614
1495,614
1538,614
1544,614
1654,614
1666,614
1703,614
1707,614
1719,614
1750,614
1777,614
1790,614
1808,614
1850,614
1871,614
1886,614
1892,614
1905,614
2038,614
2065,614
2093,614
626,615
689,615
765,616
648,617
1264,617
654,619
656,619
673,619
698,619
735,619
777,619
817,619
820,619
842,619
857,619
861,619
864,619
873,619
874,619
888,619
889,619
900,619
943,619
1016,619
1022,619
1040,619
1041,619
1090,619
1106,619
1134,619
1160,619
1163,619
1166,619
1185,619
1203,619
1222,619
1232,619
1234,619
1285,619
1309,619
1323,619
1328,619
1356,619
1360,619
1386,619
1421,619
1431,619
1444,619
1473,619
1487,619
1495,619
1507,619
1518,619
1551,619
1558,619
1571,619
1572,619
1645,619
1646,619
1654,619
1661,619
1666,619
1738,619
1747,619
1795,619
1800,619
1808,619
1827,619
1840,619
1877,619
1890,619
1892,619
1899,619
1952,619
1953,619
2018,619
2062,619
2077,619
2083,619
2089,619
2108,619
1253,620
1845,620
903,621
1309,622
1768,622
826,624
1034,624
1301,624
1476,624
1640,624
2016,624
1350,625
1495,625
689,626
714,626
1480,626
1903,628
930,629
1198,630
927,631
712,632
1193,632
1601,632
2038,633
652,634
703,634
742,634
911,634
926,634
935,634
962,634
964,634
967,634
1011,634
1042,634
1075,634
1130,634
1162,634
1164,634
1167,634
1339,634
1379,634
1428,634
1530,634
1717,634
1941,634
1973,634
747,637
790,637
845,637
986,637
1091,637
756,638
1354,638
965,639
1616,639
1814,639
729,641
843,641
890,641
917,641
995,641
1466,641
1683,641
1703,641
1750,641
1905,641
1909,641
2053,641
1520,642
924,643
1724,643
1879,643
1028,644
1544,644
1504,645
1590,645
1545,646
1938,646
1971,646
698,647
860,647
1544,647
1636,647
747,648
841,648
1101,648
1470,648
1719,648
852,650
775,651
689,652
690,652
861,652
1236,652
1237,652
1730,652
1506,653
1799,653
1976,653
923,654
1027,654
1176,654
1232,654
1404,654
1421,654
1666,654
1677,654
1744,654
1808,654
2032,654
1000,655
1378,655
1027,656
1176,656
1404,656
1666,656
1808,656
1826,656
2032,656
740,657
751,657
985,657
1031,657
1378,657
1400,657
1568,657
1808,657
801,658
1249,658
1654,658
1251,659
1437,660
1819,660
1102,661
1196,661
1973,661
788,662
837,662
1504,662
747,663
913,664
1089,664
1108,664
1301,664
1320,664
1478,664
1518,664
1577,664
1707,664
1857,664
1878,664
1882,664
1890,664
1977,664
2059,664
2072,664
1064,665
1110,665
1346,665
1495,665
1707,665
967,666
1941,666
930,667
1167,667
1177,667
1731,667
1006,668
1382,668
1517,668
1537,668
2095,668
982,669
1185,670
1363,670
2031,671
1041,673
1544,673
1551,673
1645,673
1502,674
920,675
992,675
1303,675
1676,675
1688,675
706,677
742,677
1402,678
1404,678
2093,678
2008,679
838,680
1496,680
1253,681
1845,681
870,682
1594,682
1640,683
2008,683
1317,684
769,685
853,685
982,685
989,685
1291,685
1382,685
1444,685
1496,685
1052,686
986,687
1356,687
858,688
841,689
891,689
1167,689
1416,689
1510,689
1648,689
1719,689
1730,689
1741,689
1742,689
1941,689
942,690
1554,692
2053,692
1132,693
1196,693
1451,693
1098,694
1250,694
1310,694
1324,694
1487,694
1564,694
1610,694
1890,695
875,696
1356,696
1885,696
1987,696
1182,697
1684,697
861,698
863,698
883,698
930,698
961,698
972,698
992,698
1081,698
1100,698
1167,698
1192,698
1228,698
1292,698
1312,698
1360,698
1431,698
1447,698
1454,698
1544,698
1654,698
1666,698
1681,698
1727,698
1731,698
1808,698
1810,698
1892,698
1912,698
1948,698
2045,698
2092,698
2093,698
2097,698
1676,699
1346,700
803,701
1356,701
1619,701
1122,702
869,703
929,703
935,703
967,703
1026,703
1050,703
1446,703
1530,703
1598,703
1659,703
1941,703
2034,703
2088,703
1167,704
2043,704
1027,705
1176,705
1980,705
2032,705
2108,705
1810,707
712,708
826,708
831,708
865,708
959,708
998,708
1023,708
1031,708
1034,708
1074,708
1170,708
1196,708
1230,708
1288,708
1301,708
1303,708
1324,708
1376,708
1476,708
1500,708
1525,708
1540,708
1605,708
1640,708
1690,708
1757,708
1826,708
2008,708
2010,708
2016,708
2026,708
2048,708
2081,708
760,709
1321,709
732,710
748,710
859,710
1061,710
1784,710
2045,710
2053,711
1028,712
1031,712
1122,712
1129,712
1254,712
1303,712
1545,712
1617,712
1729,712
1749,712
2010,712
1363,713
1513,713
1638,713
1818,713
1167,714
1730,714
1928,714
2062,714
1012,715
1890,715
1851,716
1745,717
1382,719
850,721
933,722
1110,722
1233,722
1425,722
1944,722
1981,722
860,723
1480,724
866,726
1721,726
1913,726
1332,728
1948,728
1105,729
1503,729
1749,731
1935,731
1220,733
939,734
1006,734
1120,734
1172,734
1274,734
1482,734
1496,734
1796,734
1910,734
1958,734
864,735
1041,735
1134,735
1544,735
1551,735
1645,735
1795,735
1159,736
1225,737
1013,738
751,740
880,740
985,740
1025,740
1031,740
1107,740
1293,740
1310,740
1365,740
1378,740
1400,740
1443,740
1568,740
1579,740
1651,740
1770,740
1808,740
1940,740
1997,740
1500,742
1939,742
1502,744
1845,745
1253,746
751,747
769,747
896,747
1035,747
1045,747
1122,747
1127,747
1144,747
1266,747
1303,747
1356,747
1476,747
1485,747
1566,747
1583,747
1660,747
1671,747
1745,747
1755,747
1850,747
1859,747
1936,747
1978,747
1784,748
1688,749
985,751
1031,751
1107,751
1293,751
1378,751
1400,751
1443,751
1568,751
1651,751
1720,751
1755,751
1780,751
1808,751
1940,751
1997,751
1599,752
1736,753
1049,754
1356,754
1959,755
1371,757
1619,757
1759,758
1801,759
798,760
896,760
952,760
1165,760
1206,760
1321,760
1504,760
1536,760
1544,760
1686,760
1775,760
1793,760
1797,760
1812,760
1896,760
1898,760
847,761
994,761
1888,761
1894,761
1810,762
896,764
1006,764
1049,764
1104,764
1172,764
1311,764
1496,764
1696,764
1818,764
1928,764
1968,764
850,765
1023,766
1483,766
1379,767
1453,768
1525,768
1801,768
1887,768
957,769
1382,769
1833,769
1849,769
1903,770
1225,771
1590,772
1745,772
1122,773
1623,773
1965,774
795,775
812,775
902,775
970,775
975,775
1036,775
1046,775
1067,775
1184,775
1198,775
1389,775
1618,775
1789,775
1993,775
1041,777
1544,777
1551,777
1645,777
1182,778
963,779
989,779
1849,780
2091,782
1041,786
1163,787
1449,789
1259,790
1638,790
1058,792
1118,792
1127,792
1849,792
2074,792
1946,794
861,795
982,795
1007,795
1711,795
1897,795
1076,796
2046,796
1172,797
1536,798
1913,799
1932,800
1211,801
1431,801
1544,801
1673,801
1596,802
944,803
982,803
987,803
1175,803
1850,803
1871,803
991,804
1251,804
1924,804
1022,805
1027,805
1176,805
1666,805
1808,805
1826,805
2032,805
2001,806
1830,807
1755,809
1622,810
1043,811
1178,811
822,814
1666,816
1946,816
1356,817
1738,817
1890,817
1952,817
2083,817
1053,818
1464,818
1469,818
1751,818
1780,818
2085,818
1356,820
1444,820
1738,820
1890,820
2083,820
1579,821
1982,821
1695,822
1228,823
864,824
2018,824
912,825
1504,825
831,826
865,826
946,826
959,826
986,826
998,826
1010,826
1023,826
1034,826
1049,826
1074,826
1122,826
1170,826
1196,826
1197,826
1230,826
1288,826
1301,826
1305,826
1324,826
1376,826
1476,826
1485,826
1500,826
1513,826
1522,826
1540,826
1605,826
1640,826
1662,826
1690,826
1757,826
1780,826
1826,826
2008,826
2016,826
2026,826
2048,826
2062,826
2081,826
1965,827
1672,829
1944,829
985,830
1034,831
1196,831
1301,831
1476,831
1500,831
1640,831
2008,831
2016,831
2048,831
2044,834
1122,836
1344,836
1434,836
1485,836
1913,836
859,837
1356,837
1504,837
1745,837
2005,837
1129,838
1435,838
1496,838
1175,840
1290,840
1509,840
1708,840
1752,840
1808,840
1829,840
1955,840
907,841
1098,841
1470,841
1510,841
1610,841
1648,841
1731,841
1742,841
1972,841
2072,841
988,842
1400,842
1623,842
1977,842
2096,842
1091,845
1746,845
2045,845
1303,846
2112,847
1246,849
2101,849
956,850
1208,850
1290,850
1537,850
1766,850
1820,850
1850,850
1893,850
1902,850
1983,850
2035,850
2097,850
1397,851
1013,852
1043,852
1178,852
897,853
1428,854
1902,855
2097,855
1385,856
1785,856
1356,857
1738,857
1890,857
2083,857
1027,858
1176,858
1404,858
1646,858
1666,858
1808,858
1826,858
2032,858
1504,859
1110,860
1518,860
1707,860
1768,860
1857,860
1890,860
1944,860
1957,860
1062,861
1121,861
1356,861
1517,861
1554,861
1808,861
2053,861
2055,861
1303,862
883,863
1231,863
930,864
1022,864
1027,864
1054,864
1090,864
1134,864
1160,864
1176,864
1196,864
1234,864
1386,864
1404,864
1407,864
1646,864
1655,864
1666,864
1808,864
1826,864
1877,864
1980,864
2032,864
2108,864
998,865
1034,865
1074,865
1196,865
1230,865
1288,865
1301,865
1376,865
1476,865
1500,865
1540,865
1605,865
1640,865
1690,865
1761,865
1810,865
2008,865
2016,865
2026,865
2083,865
1721,866
1354,867
1697,867
1288,868
1605,868
1099,870
1167,870
1192,870
1594,870
1730,870
1943,870
1192,871
1437,871
1491,871
1518,871
1594,871
1707,871
1944,871
1977,871
2014,871
915,872
919,872
1468,872
1849,872
1348,873
1707,873
1808,873
1824,873
1908,873
2099,873
1356,874
1444,874
1738,874
1890,874
2083,874
1885,875
2094,875
1252,876
1824,877
880,878
2072,878
1253,879
1025,880
1087,880
1537,880
1579,880
1651,880
1779,880
1804,880
2006,880
2072,880
1813,882
972,883
1277,883
930,885
1291,886
1496,886
1605,886
1206,887
1544,887
1812,887
1169,888
1356,888
1444,888
1531,888
1738,888
1890,888
1952,888
2068,888
2083,888
1750,890
1843,891
2040,892
2034,894
1176,895
948,896
970,896
1006,896
1067,896
1127,896
1216,896
1263,896
1266,896
1496,896
1504,896
1536,896
1618,896
1653,896
1789,896
1798,896
1849,896
1850,896
1968,896
1985,896
2074,896
1411,898
1154,899
1027,900
1176,900
1404,900
1666,900
1808,900
1877,900
1980,900
2032,900
1502,901
993,902
1817,902
987,904
1850,904
1096,905
1127,905
1378,905
1922,905
2100,905
1098,907
1113,907
1196,907
1324,907
1451,907
1461,907
1935,908
977,909
1908,909
1041,910
1529,910
1551,910
1645,910
1030,911
1146,911
1244,911
1379,911
1428,911
1788,911
1390,912
1570,912
1999,912
1089,913
1121,913
1320,913
1400,913
1404,913
1494,913
1577,913
1768,913
1857,913
1890,913
1911,913
1031,914
1849,915
1400,916
1807,916
1165,918
1206,918
1544,918
1812,918
1746,920
1637,921
1027,923
1176,923
1666,923
1808,923
1980,923
2032,923
1433,925
1964,925
2045,925
967,926
1164,926
1941,926
1364,927
1454,927
1456,928
967,929
1050,929
1156,929
1081,930
1167,930
1296,930
1366,930
1375,930
1447,930
1454,930
1492,930
1585,930
1681,930
1731,930
1813,930
1912,930
1948,930
1965,930
1989,930
1700,931
1850,932
1103,934
967,935
1098,935
1310,935
1530,935
1731,935
1842,935
1941,935
1110,936
1426,936
1518,936
1707,936
1944,936
2068,936
1910,939
1134,942
1236,942
1473,942
1356,943
1738,943
1890,943
2083,943
1206,944
1290,944
1378,944
1537,944
1801,944
1824,944
1866,944
1214,945
2093,945
1010,946
1356,946
1434,946
1513,946
1660,946
989,947
1356,947
1486,947
1513,947
1636,949
1165,952
1206,952
1544,952
1616,952
1793,952
1812,952
2053,953
1136,954
1796,954
1310,955
1874,955
1007,956
1206,956
1290,956
1352,957
1583,957
1545,958
1817,958
1992,958
1034,959
1301,959
1324,959
1476,959
1500,959
1640,959
2016,959
1163,960
1730,960
967,962
1164,962
1338,962
1530,962
1941,962
967,964
1164,964
1941,964
1352,965
1053,966
1011,967
1042,967
1050,967
1075,967
1100,967
1162,967
1164,967
1196,967
1339,967
1446,967
1530,967
1598,967
1659,967
1842,967
1941,967
2034,967
2088,967
1144,968
1356,968
1560,968
1601,968
1662,968
1720,968
1825,968
2045,968
1472,969
993,970
1006,970
1036,970
1046,970
1789,970
1805,970
1817,970
1471,971
1496,971
1524,972
1803,972
1937,974
993,975
1253,976
1110,977
1314,977
1400,977
1863,977
1942,977
1387,979
2097,979
2100,979
1660,980
1172,981
1007,982
1149,982
1175,982
1206,982
1290,982
1378,982
1431,982
1537,982
1669,982
1719,982
1824,982
1850,982
1866,982
1902,982
1906,982
2035,982
2071,982
2097,982
1211,983
1320,983
1837,983
1643,984
1031,985
1107,985
1310,985
1365,985
1378,985
1400,985
1443,985
1568,985
1651,985
1720,985
1770,985
1808,985
1861,985
1890,985
1997,985
2007,985
1049,986
1356,986
1485,986
1513,986
1889,986
1103,987
1127,987
1279,987
1286,987
1290,987
1303,987
1347,987
1460,987
1537,987
1850,987
1125,989
1198,989
1394,989
1485,989
1496,989
1660,989
1662,989
1748,989
1958,989
1354,990
1614,990
1292,992
1312,992
1727,992
1749,992
1810,992
2013,992
2045,992
2097,992
1036,993
1046,993
1067,993
1184,993
1591,993
1618,993
1789,993
1805,993
1750,995
1425,996
1932,996
1378,997
1034,998
1196,998
1301,998
1476,998
1500,998
1640,998
2008,998
2016,998
1955,999
1378,1000
1496,1002
1995,1003
1554,1004
1120,1006
1172,1006
1225,1006
1496,1006
1517,1006
1590,1006
1619,1006
1678,1006
1732,1006
1789,1006
1825,1006
2016,1006
2080,1006
1155,1007
1206,1007
1281,1007
1290,1007
1350,1007
1707,1007
1818,1007
1854,1007
2097,1007
1599,1008
1989,1009
1197,1010
1449,1010
1522,1010
1536,1010
1637,1010
1889,1010
2080,1010
1164,1011
1941,1011
1110,1012
1301,1012
1518,1012
1707,1012
2072,1012
1462,1013
1545,1013
1225,1014
1641,1014
2005,1014
1027,1016
1176,1016
1666,1016
1808,1016
2032,1016
2089,1016
1167,1017
1750,1018
1314,1019
1373,1019
1117,1020
1471,1020
1798,1020
1518,1021
1027,1022
1040,1022
1176,1022
1196,1022
1404,1022
1473,1022
1592,1022
1646,1022
1655,1022
1666,1022
1695,1022
1795,1022
1808,1022
1826,1022
1980,1022
2032,1022
1034,1023
1196,1023
1301,1023
1476,1023
1500,1023
1640,1023
2008,1023
2016,1023
1253,1024
1291,1024
1314,1024
1426,1024
1586,1024
1754,1024
1766,1024
1810,1024
1849,1024
2047,1024
1180,1025
1376,1025
1579,1025
2006,1025
1040,1027
1054,1027
1084,1027
1090,1027
1098,1027
1160,1027
1168,1027
1176,1027
1196,1027
1232,1027
1234,1027
1269,1027
1285,1027
1324,1027
1386,1027
1407,1027
1421,1027
1473,1027
1507,1027
1571,1027
1592,1027
1639,1027
1646,1027
1655,1027
1677,1027
1731,1027
1744,1027
1808,1027
1815,1027
1821,1027
1875,1027
1877,1027
1963,1027
1980,1027
2018,1027
2024,1027
2032,1027
2077,1027
2089,1027
2108,1027
1545,1028
1738,1028
1521,1029
1541,1029
1418,1030
1107,1031
1293,1031
1303,1031
1312,1031
1378,1031
1400,1031
1443,1031
1525,1031
1545,1031
1568,1031
1651,1031
1749,1031
1808,1031
1814,1031
1864,1031
1867,1031
1890,1031
1940,1031
1997,1031
2010,1031
1750,1032
1684,1033
1074,1034
1170,1034
1196,1034
1230,1034
1277,1034
1288,1034
1301,1034
1324,1034
1376,1034
1476,1034
1500,1034
1540,1034
1605,1034
1640,1034
1690,1034
1757,1034
1826,1034
1860,1034
1911,1034
2008,1034
2016,1034
2026,1034
2048,1034
2081,1034
1805,1036
1817,1036
1850,1036
1427,1037
1903,1038
1233,1039
1176,1040
1404,1040
1666,1040
1808,1040
1826,1040
1980,1040
2032,1040
1134,1041
1222,1041
1251,1041
1323,1041
1529,1041
1544,1041
1551,1041
1645,1041
1795,1041
1953,1041
2053,1041
1164,1042
1941,1042
1066,1043
1178,1043
1695,1044
1051,1045
1618,1046
1753,1046
1789,1046
1805,1046
1817,1046
1850,1046
1987,1048
1122,1049
1305,1049
1485,1049
1889,1049
1928,1049
1936,1049
2062,1049
1485,1051
1368,1052
1388,1052
1501,1052
2084,1052
2067,1053
1090,1054
1176,1054
1379,1054
1730,1054
1623,1055
1702,1056
1582,1057
2062,1059
1801,1060
1122,1062
1356,1062
1370,1062
1485,1062
1662,1062
1711,1062
1780,1062
1889,1062
1897,1062
1644,1063
1861,1063
2018,1063
1946,1065
1178,1066
1805,1067
1850,1067
1402,1068
1489,1068
1525,1069
1288,1071
1275,1072
1196,1074
1301,1074
1324,1074
1476,1074
1500,1074
1640,1074
1799,1074
2008,1074
2016,1074
1164,1075
1842,1075
1941,1075
1243,1076
1297,1076
1459,1076
1982,1076
2044,1076
2046,1076
1392,1077
1801,1077
1309,1079
1518,1079
1695,1080
1167,1081
1201,1081
1447,1081
1454,1081
1567,1081
1731,1081
1801,1085
1382,1087
1537,1087
1745,1087
1761,1087
1946,1087
2030,1087
2060,1087
2072,1087
1253,1088
1307,1089
1518,1089
1707,1089
1768,1089
1860,1089
1984,1089
2072,1089
1176,1090
1404,1090
1571,1090
1666,1090
1808,1090
1826,1090
2032,1090
2045,1091
1379,1094
1599,1095
1927,1095
2079,1095
1203,1098
1250,1098
1310,1098
1324,1098
1564,1098
1730,1098
1731,1098
1261,1099
1280,1099
1393,1099
1796,1099
1544,1100
1577,1100
1890,1100
1941,1100
2035,1100
2072,1100
1638,1101
1973,1102
1680,1103
1721,1103
1913,1103
1970,1103
1503,1105
1750,1105
1356,1106
1738,1106
1890,1106
2083,1106
1378,1107
1400,1107
1568,1107
1808,1107
1470,1108
1518,1108
1849,1108
1883,1108
2072,1108
1310,1109
1479,1110
1495,1110
1518,1110
1520,1110
1612,1110
1908,1110
2072,1110
1590,1111
1147,1112
1201,1113
1733,1113
2042,1114
1138,1115
1379,1116
1523,1117
1968,1117
1536,1118
1543,1118
1662,1119
1745,1119
1857,1121
2072,1121
1197,1122
1245,1122
1305,1122
1331,1122
1356,1122
1372,1122
1434,1122
1449,1122
1485,1122
1490,1122
1523,1122
1582,1122
1623,1122
1660,1122
1780,1122
1831,1122
1872,1122
1889,1122
2045,1122
1729,1123
1749,1123
2073,1123
1425,1125
1660,1125
1144,1126
1213,1127
1273,1127
1284,1127
1290,1127
1301,1127
1303,1127
1623,1127
1625,1127
1701,1127
1761,1127
1763,1127
1810,1127
1849,1127
1850,1127
1855,1127
1922,1127
1925,1127
2074,1127
1564,1128
1254,1129
1486,1129
1647,1129
1960,1129
1379,1130
1551,1131
1645,1131
1544,1134
1551,1134
1644,1134
1645,1134
1796,1136
1910,1136
1251,1137
1838,1137
1723,1138
1484,1141
1770,1141
1218,1142
1494,1143
1807,1143
1755,1144
2045,1144
1517,1145
1379,1146
1326,1147
1801,1148
1206,1149
1375,1150
1590,1151
1502,1154
1206,1155
1372,1155
1860,1155
1801,1158
1300,1159
1357,1159
1643,1159
1712,1159
1756,1159
1876,1159
1176,1160
1404,1160
1666,1160
1808,1160
1826,1160
1980,1160
2032,1160
2062,1161
1164,1162
1941,1162
1388,1163
1495,1163
1624,1163
1808,1163
2098,1163
1339,1164
1629,1164
1770,1164
1941,1164
1206,1165
1240,1165
1544,1165
1686,1165
1768,1165
1793,1165
1797,1165
1812,1165
1898,1165
1356,1166
1444,1166
1738,1166
1890,1166
2083,1166
1275,1167
1447,1167
1454,1167
1681,1167
1730,1167
1731,1167
1787,1167
1912,1167
1941,1167
1948,1167
1176,1168
1404,1168
1666,1168
1808,1168
1826,1168
1980,1168
2032,1168
2089,1168
1301,1170
1324,1170
1476,1170
1640,1170
2016,1170
1398,1171
1549,1172
2016,1172
2079,1173
1206,1175
1378,1175
1537,1175
1708,1175
1232,1176
1234,1176
1269,1176
1285,1176
1386,1176
1407,1176
1421,1176
1473,1176
1507,1176
1571,1176
1592,1176
1639,1176
1646,1176
1655,1176
1677,1176
1744,1176
1760,1176
1815,1176
1821,1176
1875,1176
1877,1176
1963,1176
2018,1176
2024,1176
2032,1176
2077,1176
2089,1176
2108,1176
1687,1180
1489,1181
1684,1182
1283,1183
1451,1183
2011,1183
1805,1184
1817,1184
1356,1185
1444,1185
1738,1185
1755,1185
1890,1185
1962,1185
2045,1185
2083,1185
1229,1187
1480,1188
1201,1189
1353,1191
1522,1191
2019,1191
1349,1192
1437,1192
1819,1192
1958,1194
1230,1196
1288,1196
1301,1196
1324,1196
1376,1196
1386,1196
1451,1196
1473,1196
1476,1196
1500,1196
1540,1196
1563,1196
1571,1196
1599,1196
1640,1196
1646,1196
1690,1196
1826,1196
1966,1196
2008,1196
2016,1196
2026,1196
2081,1196
2089,1196
1245,1197
1465,1197
1475,1197
1513,1197
1671,1197
1780,1197
1950,1197
1489,1198
1537,1198
1745,1198
1791,1198
2091,1198
2103,1198
1447,1199
1807,1200
1431,1203
1730,1203
1470,1204
1796,1205
1910,1205
1958,1205
1290,1206
1535,1206
1544,1206
1547,1206
1719,1206
1775,1206
1786,1206
1793,1206
1812,1206
1824,1206
1850,1206
1866,1206
1898,1206
1902,1206
1969,1206
2097,1206
1363,1207
1536,1207
1893,1208
1750,1210
1673,1218
1264,1219
1226,1220
1747,1221
1544,1222
1551,1222
1645,1222
1449,1223
1363,1224
1818,1224
1388,1225
1850,1225
1402,1226
1528,1226
1777,1226
1955,1229
1301,1230
1476,1230
1500,1230
1640,1230
1690,1230
2008,1230
2016,1230
1404,1232
1666,1232
1808,1232
1826,1232
1980,1232
2032,1232
1425,1233
1556,1233
1579,1233
1603,1233
1932,1233
1981,1233
1666,1234
1808,1234
1980,1234
2032,1234
1748,1235
1237,1236
1324,1236
1610,1236
2093,1236
1850,1238
1299,1239
1880,1240
1944,1241
1502,1242
1258,1245
1271,1245
1305,1245
1449,1245
1604,1245
1780,1245
1890,1245
2096,1245
1452,1246
1623,1246
2101,1246
1333,1249
1514,1249
1692,1249
1801,1249
1599,1250
1472,1251
1695,1252
1274,1253
1555,1253
1845,1253
1849,1253
1990,1253
2047,1253
2064,1253
1264,1254
1876,1255
1356,1258
1604,1258
2096,1258
1449,1259
1871,1260
1819,1261
1554,1262
1541,1263
1613,1263
2109,1263
1291,1265
1356,1266
1355,1268
2032,1269
1612,1270
1948,1272
1516,1274
1761,1274
2083,1274
1681,1275
1970,1276
1360,1277
1666,1277
1680,1277
1871,1277
1976,1277
1624,1278
1850,1279
1350,1281
1518,1281
1707,1281
2097,1281
1288,1282
1376,1282
1404,1285
1666,1285
1808,1285
1826,1285
1980,1285
2032,1285
2089,1285
1850,1286
1504,1287
1590,1287
1301,1288
1376,1288
1476,1288
1500,1288
1640,1288
2008,1288
2016,1288
1857,1289
1911,1289
1378,1290
1481,1290
1537,1290
1601,1290
1708,1290
1804,1290
1850,1290
1857,1290
1871,1290
1936,1290
2047,1290
2097,1290
1308,1291
1330,1291
1378,1291
1413,1291
1568,1291
1578,1291
1669,1291
1810,1291
1849,1291
2006,1291
2028,1291
1312,1292
1810,1292
1955,1292
1991,1292
2045,1292
2097,1292
1378,1293
1400,1293
1568,1293
1808,1293
1752,1295
1689,1296
1483,1297
1519,1297
1778,1297
1982,1297
1566,1298
1870,1298
1489,1299
1537,1299
1871,1299
1324,1301
1376,1301
1400,1301
1476,1301
1500,1301
1540,1301
1544,1301
1605,1301
1640,1301
1690,1301
1757,1301
1768,1301
1826,1301
1857,1301
1911,1301
1942,1301
1977,1301
2007,1301
2008,1301
2016,1301
2026,1301
2048,1301
2072,1301
2081,1301
1341,1303
1545,1303
1709,1303
1738,1303
1850,1303
1871,1303
1946,1303
2010,1303
2095,1303
1463,1304
1485,1305
1660,1305
1662,1305
1872,1305
1502,1306
1929,1307
1495,1309
1518,1309
1707,1309
1365,1310
1378,1310
1568,1310
1610,1310
1695,1310
1720,1310
1770,1310
1808,1310
1941,1310
2015,1310
1433,1311
1727,1312
1810,1312
2045,1312
2097,1312
1662,1313
1611,1314
1810,1314
1472,1317
1427,1318
1768,1318
1857,1318
2062,1318
1497,1319
1745,1319
1494,1320
1516,1320
1390,1322
1544,1323
1551,1323
1645,1323
1476,1324
1500,1324
1540,1324
1564,1324
1594,1324
1605,1324
1640,1324
1690,1324
1731,1324
1826,1324
2008,1324
2016,1324
2081,1324
1850,1325
1594,1326
1628,1326
1700,1326
1694,1327
1356,1328
1444,1328
1738,1328
1890,1328
2083,1328
1534,1329
1710,1329
1496,1330
1791,1334
1971,1334
1970,1335
1587,1337
1941,1339
1871,1340
1517,1341
1738,1341
1378,1342
1566,1344
2033,1344
2075,1344
1431,1346
1808,1346
2000,1346
1359,1347
1402,1347
1915,1347
2087,1347
2106,1347
1908,1348
1363,1350
1518,1350
1707,1350
1818,1350
1883,1350
1373,1352
1517,1352
1597,1353
1792,1354
2045,1354
2051,1354
1825,1355
1370,1356
1444,1356
1449,1356
1464,1356
1465,1356
1485,1356
1558,1356
1572,1356
1601,1356
1604,1356
1661,1356
1662,1356
1720,1356
1738,1356
1745,1356
1747,1356
1755,1356
1800,1356
1825,1356
1827,1356
1840,1356
1890,1356
1936,1356
1952,1356
1958,1356
2035,1356
2083,1356
2104,1356
1908,1358
1431,1360
1666,1360
1808,1360
1654,1362
1518,1363
1601,1363
1638,1363
1707,1363
1818,1363
1883,1363
1378,1365
1568,1365
1720,1365
1808,1365
1874,1365
2036,1365
1690,1370
2091,1371
1502,1374
1679,1374
1690,1374
2008,1374
1476,1376
1500,1376
1640,1376
2006,1376
2008,1376
2016,1376
1544,1377
1793,1377
1967,1377
1995,1377
1400,1378
1408,1378
1410,1378
1443,1378
1537,1378
1568,1378
1651,1378
1708,1378
1720,1378
1770,1378
1773,1378
1808,1378
1824,1378
1850,1378
1940,1378
1997,1378
2097,1378
1428,1379
1717,1379
1730,1379
1832,1379
1933,1379
1696,1380
1444,1382
1517,1382
1537,1382
1745,1382
1761,1382
1781,1382
1931,1382
1946,1382
1992,1382
2030,1382
1849,1383
1554,1385
1900,1385
1404,1386
1666,1386
1808,1386
1826,1386
1980,1386
2032,1386
1405,1388
1890,1388
1874,1391
1801,1392
1485,1394
1755,1395
2007,1396
2071,1399
2110,1399
1443,1400
1494,1400
1568,1400
1651,1400
1808,1400
1857,1400
1890,1400
1940,1400
1977,1400
1997,1400
2072,1400
2091,1400
1666,1402
2003,1402
1421,1404
1473,1404
1507,1404
1519,1404
1571,1404
1609,1404
1623,1404
1644,1404
1646,1404
1677,1404
1744,1404
1807,1404
1877,1404
2018,1404
2072,1404
2089,1404
2108,1404
1552,1405
1634,1405
1839,1405
1730,1406
1666,1407
2032,1407
1502,1409
1808,1410
1622,1411
1989,1411
1695,1412
1623,1413
1696,1413
1810,1413
1722,1417
1801,1420
1666,1421
1808,1421
1826,1421
1980,1421
2032,1421
1903,1422
2078,1423
1445,1425
1836,1425
1932,1425
1557,1427
1845,1427
1990,1427
2059,1427
1613,1429
1551,1431
1557,1431
1666,1431
1713,1431
1730,1431
1808,1431
2003,1431
2071,1431
1743,1432
2045,1433
1485,1434
1566,1434
1889,1434
1536,1436
1590,1436
1835,1437
1884,1437
1502,1438
2006,1441
1568,1443
1808,1443
1738,1444
1747,1444
1840,1444
1890,1444
1946,1444
2083,1444
1932,1445
1454,1447
1554,1447
1681,1447
1725,1447
1731,1447
1759,1447
1770,1447
2040,1447
2097,1448
2110,1448
1457,1449
1513,1449
1584,1449
1601,1449
1637,1449
1780,1449
2091,1449
1922,1450
1940,1450
1966,1451
2063,1451
1801,1453
1510,1454
1681,1454
1731,1454
1912,1454
1948,1454
1965,1454
2040,1454
2092,1454
1871,1455
1958,1457
1850,1460
1557,1463
1731,1466
1750,1466
1630,1470
1719,1470
1862,1470
1944,1470
1523,1471
2056,1471
1646,1473
1666,1473
1808,1473
1826,1473
1852,1473
1980,1473
2032,1473
1564,1474
1606,1474
1710,1474
1793,1475
2020,1475
1500,1476
1540,1476
1605,1476
1640,1476
1690,1476
1755,1476
1757,1476
1762,1476
1826,1476
2008,1476
2016,1476
2026,1476
2045,1476
2048,1476
2081,1476
2070,1477
1544,1478
1911,1478
1518,1479
1707,1479
2080,1479
1945,1480
1587,1481
1893,1481
1536,1482
1806,1483
1923,1483
1944,1483
1770,1484
1513,1485
1662,1485
1780,1485
1831,1485
1889,1485
1928,1485
2045,1485
2062,1485
1513,1486
1554,1487
1770,1487
1890,1487
2090,1488
1908,1491
1890,1494
1944,1494
2072,1494
1520,1495
1551,1495
1666,1495
1707,1495
1808,1495
1892,1495
1536,1496
1574,1496
1619,1496
1735,1496
1853,1496
1968,1496
2016,1496
1745,1497
1558,1499
1540,1500
1605,1500
1640,1500
1664,1500
1690,1500
1757,1500
1826,1500
2008,1500
2016,1500
2026,1500
2081,1500
1546,1502
1613,1502
1643,1502
1714,1502
1735,1502
1869,1502
2042,1502
1590,1504
1734,1504
1769,1504
1666,1507
1808,1507
1826,1507
2032,1507
1676,1508
1955,1509
1871,1511
2010,1512
1889,1513
1801,1514
2080,1515
1837,1516
1709,1517
1544,1518
1576,1518
1577,1518
1627,1518
1707,1518
1768,1518
1807,1518
1818,1518
1857,1518
1908,1518
1942,1518
1944,1518
2007,1518
2009,1518
2059,1518
1687,1519
1541,1521
1637,1522
1889,1522
2019,1522
1968,1523
2065,1524
1955,1527
1551,1529
1645,1529
1941,1530
1959,1532
2097,1532
1660,1533
1866,1533
1564,1534
1710,1534
1544,1535
1547,1535
1812,1535
1590,1536
1880,1536
1968,1536
2016,1536
2080,1536
2103,1536
1666,1537
1745,1537
1824,1537
1850,1537
1871,1537
1946,1537
2060,1537
2072,1537
2097,1537
1640,1540
1690,1540
1964,1540
2008,1540
2016,1540
1608,1541
1978,1541
1810,1542
1547,1544
1654,1544
1666,1544
1686,1544
1713,1544
1793,1544
1797,1544
1812,1544
1898,1544
1969,1544
2094,1544
1569,1545
1738,1545
1817,1545
1812,1547
1759,1548
1989,1550
1645,1551
1795,1551
1953,1551
1568,1553
1595,1554
1785,1554
1973,1554
2053,1554
2081,1554
2102,1554
1845,1555
1738,1558
1890,1558
1952,1558
2083,1558
2010,1559
1889,1560
2045,1560
1784,1561
1927,1562
1640,1563
2081,1563
1594,1564
1610,1564
1710,1564
1807,1566
1623,1568
1651,1568
1720,1568
1761,1568
1770,1568
1808,1568
1810,1568
1849,1568
1940,1568
1997,1568
2083,1568
1666,1571
1808,1571
1826,1571
1980,1571
2032,1571
1738,1572
1890,1572
1952,1572
2083,1572
1707,1577
1768,1577
1944,1577
2035,1578
1812,1579
2006,1579
1850,1580
1601,1582
1755,1582
1810,1586
1601,1587
1893,1587
1976,1587
2047,1587
1801,1588
1727,1589
1734,1590
1745,1590
1769,1590
1968,1590
2032,1592
1902,1593
2097,1593
1610,1594
2053,1595
1935,1596
1660,1597
1857,1601
1936,1601
1958,1601
1660,1604
2096,1604
1640,1605
2008,1605
2016,1605
2026,1605
1989,1607
1731,1610
1978,1613
2109,1613
1807,1615
1738,1617
1928,1617
1817,1618
1850,1618
1919,1621
1694,1622
1761,1623
1810,1623
1849,1623
1977,1623
2047,1623
2083,1623
1632,1624
2062,1626
2072,1626
1707,1627
2045,1633
2045,1635
2080,1637
1646,1639
1664,1640
1690,1640
1753,1640
1757,1640
1762,1640
1799,1640
1826,1640
2008,1640
2016,1640
2026,1640
2048,1640
2081,1640
1802,1642
1693,1643
1949,1643
2032,1644
1795,1645
1953,1645
1666,1646
1808,1646
1826,1646
1877,1646
1980,1646
2032,1646
2089,1646
1968,1647
1727,1649
1808,1651
1845,1652
1666,1654
1707,1654
1866,1654
1919,1654
2032,1655
1810,1657
2091,1658
1678,1660
1745,1660
2045,1660
1738,1661
1890,1661
1952,1661
2083,1661
1780,1662
1859,1662
1889,1662
2042,1663
1826,1664
1730,1665
1677,1666
1744,1666
1808,1666
1815,1666
1821,1666
1877,1666
1963,1666
2018,1666
2032,1666
2072,1666
2077,1666
2089,1666
2108,1666
1946,1668
2003,1669
2006,1669
1970,1670
1754,1671
1780,1671
1810,1671
1918,1671
2007,1671
2025,1671
1927,1674
2045,1675
1728,1676
1808,1677
1980,1677
2032,1677
1807,1680
1892,1680
1731,1681
1876,1685
1765,1686
1793,1686
2029,1688
2008,1690
2016,1690
1731,1691
2031,1695
1807,1698
1970,1698
1750,1703
2090,1704
1801,1705
1719,1707
1818,1707
1857,1707
1942,1707
2007,1707
2009,1707
2059,1707
1767,1710
1846,1710
2090,1711
1808,1713
1786,1719
1732,1720
1808,1720
1825,1720
1921,1721
1731,1724
1810,1727
2013,1727
2045,1727
2097,1727
1749,1729
2073,1729
1879,1731
1912,1731
1948,1731
1834,1733
1747,1738
1800,1738
1827,1738
1840,1738
1890,1738
1952,1738
2041,1738
2083,1738
1808,1744
1826,1744
1980,1744
2032,1744
1755,1745
1825,1745
1889,1745
1936,1745
2072,1745
1890,1747
1952,1747
2083,1747
2073,1749
1764,1750
1905,1750
1975,1750
1780,1751
1825,1755
1831,1755
2008,1757
2016,1757
1898,1758
1810,1761
1849,1761
1913,1761
2083,1761
1795,1764
1797,1765
1830,1766
1944,1768
2007,1768
1808,1770
1850,1771
2071,1774
1793,1775
1950,1780
2045,1784
1805,1789
1817,1789
1816,1792
1797,1793
1812,1793
1898,1793
2020,1793
1950,1794
1910,1796
1958,1796
2113,1796
1890,1800
1952,1800
2083,1800
1828,1801
1868,1801
1887,1801
1937,1801
1808,1803
1857,1804
1936,1804
2047,1804
1817,1805
2072,1805
1857,1807
1892,1807
1970,1807
2072,1807
1877,1808
1940,1808
1955,1808
1997,1808
2018,1808
2032,1808
2073,1808
2077,1808
2085,1808
2089,1808
2108,1808
1849,1810
1967,1810
1986,1810
2028,1810
2045,1810
2083,1810
2097,1810
1898,1812
1969,1812
2002,1814
1980,1815
2032,1815
1844,1817
1992,1817
1854,1818
1883,1818
1980,1821
2032,1821
1908,1822
1955,1823
1850,1824
1856,1824
1908,1824
2097,1824
1958,1825
2072,1825
2008,1826
2016,1826
2032,1826
2089,1826
1890,1827
1907,1827
2083,1827
1932,1836
1890,1840
2083,1840
1990,1845
2064,1845
1865,1846
1927,1846
2083,1848
1850,1849
1913,1849
2028,1849
2047,1849
2083,1849
1866,1850
1871,1850
1993,1850
2097,1850
2100,1850
1908,1857
1936,1857
2045,1857
2047,1857
1984,1860
1908,1862
2097,1866
1946,1873
2032,1875
2089,1875
1980,1877
2032,1877
1882,1878
1977,1878
2027,1878
1977,1882
2028,1883
1987,1885
2094,1885
1920,1890
1942,1890
1952,1890
1977,1890
1987,1890
2007,1890
2062,1890
2072,1890
2083,1890
2054,1891
1988,1892
2037,1892
2045,1901
1930,1902
2097,1902
1908,1903
1944,1908
1942,1911
1921,1913
1970,1913
2047,1913
2083,1913
2058,1916
2008,1918
1981,1932
2007,1934
2045,1936
2047,1936
1971,1938
1977,1944
2003,1944
2006,1944
2007,1944
2076,1944
2080,1944
2107,1944
2060,1946
1956,1947
2082,1950
2083,1952
2101,1954
2078,1955
2097,1959
2032,1963
2042,1974
2007,1977
2091,1977
2109,1978
2018,1980
2032,1980
2108,1980
2009,1987
2094,1987
2059,1990
2062,1994
2100,1997
2036,2004
2025,2007
2072,2007
2016,2008
2026,2008
2081,2008
2026,2016
2048,2016
2081,2016
2072,2017
2032,2018
2042,2023
2032,2024
2047,2028
2083,2028
2077,2032
2089,2032
2108,2032
2097,2045
2102,2053
2072,2060
2110,2097